:020000041000EA
:1000000000B5324B212058609868022188439860DF
:10001000D860186158612E4B002199600621596102
:100020000121F02299502B49196001219960352056
:1000300000F044F80222904214D00621196600F024
:1000400034F8196E01211966002018661A6600F04E
:100050002CF8196E196E196E052000F02FF8012189
:100060000842F9D1002199601B49196000215960AB
:100070001A491B48016001219960EB211966A021F2
:10008000196600F012F800219960164914480160C1
:100090000121996001BC002800D000471248134993
:1000A000086003C880F30888084703B5996A0420EC
:1000B0000142FBD001200142F8D103BD02B5186610
:1000C0001866FFF7F2FF186E186E02BD00000240BE
:1000D000000000180000070000035F00212200005C
:1000E000F4000018222000A00001001008ED00E03C
:1000F000000000000000000000000000BB688F4C02
:1001000000200420F7010010C3010010C5010010F9
:10011000C1010010C1010010C1010010C101001097
:10012000C1010010C1010010C1010010C701001081
:10013000C1010010C1010010C9010010CB01001065
:10014000CD010010CD010010CD010010CD01001037
:10015000CD010010C9150120CD010010CD01001006
:10016000CD010010CD010010CD010010CD01001017
:10017000CD010010CD010010CD010010CD01001007
:10018000CD010010CD010010CD010010CD010010F7
:10019000CD010010CD010010CD010010CD010010E7
:1001A000CD010010CD010010CD010010CD010010D7
:1001B000CD010010CD010010CD010010CD010010C7
:1001C00000BE00BE00BE00BE00BE00BEEFF3058054
:1001D000103800BEF2EB8871D8020010F402001053
:1001E0003402001090A31AE700202249086006C8D4
:1001F00081F30888104720480068002835D10DA4F5
:100200000ECC002902D000F012F8F9E71B491C4A75
:10021000002000E001C19142FCD11A4988471A49E7
:1002200088471A49884700BEFDE701C901C29A42C2
:10023000FBD37047F4020010C0000020702B012097
:10024000A42D0110702B0120486101207C63011056
:1002500000000420000004207C6301100010042032
:1002600000100420000000007047094800F014F856
:100270000047000008ED00E0000000D000800120F1
:100280009CE4022075B00020E54C002099B10020CC
:10029000575600000000000001B40248844601BC2B
:1002A000604700BF0DC5002006005250ABB360533D
:1002B000F04E012006005250861C0302004F012020
:1002C000060052505422A29D084F012005005250B2
:0802D000DE65F4687C63011097
:1002D800CC020010C0020010B4020010144F01201C
:0C02E800A8020010204F01202C4F012024
:1002F400F8B5C04610B5064C2378002B07D1054B42
:10030400002B02D0044800E000BF0123237010BD7D
:1003140018B1012000000000702B0120044B10B51F
:10032400002B03D00349044800E000BF10BDC046C1
:10033400000000001CB10120702B0120F0B5DE4646
:100344004E4657464546B522E0B50021120183B01A
:1003540006000DF0E7FE062333700133B370023B51
:10036400F370033B33710A3373714433B371453B08
:10037400F371002301227372F372F74B32721B681C
:10038400B2721A0A337472741A0C1B0EF374F34BA0
:10039400B2741B783375F24B1B787375F14B1B6881
:1003A4001A0A337672761A0C1B0EF376EE4BB2767B
:1003B4001B681A0A337772771A0C1B0EF377202303
:1003C400B277EA4A1178F15491780133F1545178B3
:1003D4000133F154242153687354180A01317054C1
:1003E400180C013170541B0E013173549368282288
:1003F400190AB3540132B154190C0132B154DC4915
:100404001B0E0132B3540B680532B354180A01327F
:10041400B054180C0132B0541B0E0132B3543C23B7
:10042400D44A1078F05434204B6833541C0A0130F9
:1004340034541C0C013034541B0E013033543D230E
:100444005078F0548B683821180A73540131705471
:100454003A201902090E31543B211B0E73543E23DA
:1004640000219278C448F2540B0004C810339B0056
:10047400F254140AF3185C700131140C120E9C70BF
:10048400DA700729F0D13400BC4B6C34B4469A4678
:100494001F00002026003B78420033707B7812183E
:1004A400920073705244137901009846444653797C
:1004B4000D311B021C43A04643469479C900240411
:1004C4001C43D3790A001B0623436244190A13729E
:1004D40051720130190C1B0E9172D3720C3708360D
:1004E4000528D8D154466046664600213C34B430D1
:1004F40023780F0003706378163743704B005B1842
:100504009B0053443C331A79FF00944665465A795C
:10051400F719120215439A79DB79120415431B0665
:100524002B431A0A3B727A7201311A0C1B0EBA72EF
:10053400FB720C3408300529DAD15546340078357D
:100544002F000020B046FC3478218946820012181E
:1005540092005244914449463B78803223707B7820
:1005640014376370097943008C46494665464979D6
:100574001B1809020D43494689799B0009040D4360
:10058400494643441E00C979F836090629430D0A31
:10059400317275720D0C090EF172B5721600717913
:1005A400127909020A43B179013309040A439446D2
:1005B4006146F279FF3312060A43110A1A7159711E
:1005C4000130110C120E9971DA710C340528BBD16B
:1005D400B423464603225B00F2546A22684BFF327E
:1005E4001978B15459780132B1549A786C23FF3395
:1005F400F25400239A46634B9C46B8235B00994609
:10060400733BFF3BC144634498464B46D146019338
:100614004B4600215C004C44A001A40000946346B6
:10062400019A1B5C13544246009B10305D182B004A
:100634002D015219577914793F02274394791733BE
:1006440024043C43D7791B013F062743F3183C0A93
:100654001F715C713C0C3F0E9C71DF71577A7319EA
:10066400157A3F023D43977A79333F043D43D77A65
:10067400FF333F062F433D0A1F705D703D0C3F0E54
:100684009D70DF70577B147B3F023C43977BD27B8A
:100694003F043C4312062243170A1A715F71013169
:1006A400170C120E9F71DA710C29B8D101239A46E6
:1006B400D1444B46072BABD19B231B01F418324D7D
:1006C400E033F71829002000202220340DF030FDFB
:1006D4002035BC42F6D1B1231B01F41810220021AD
:1006E40020000DF01FFD0222200028490DF020FDFE
:1006F400274B1A78274BF254274B1A78274BF2547E
:10070400274B1A78274BF254274B1B88013BFF3B9E
:100714005A425341254AB354B223254A1B01117846
:10072400F154117A234BF154117C234BF154536847
:100734002249180A735471184870180C1B0E8870DB
:10074400CB70D3681E49180A735471184870180C7A
:100754001B0ECB7036E0C04674CC0120B8E70120F4
:10076400D1E701209C570120985701205C570120B4
:1007740004C9012010C90120E8C8012030CE01209D
:10078400AC57012076F20120DCBE022018CF0120F4
:1007940078570120140B00007C570120150B000032
:1007A400CCE70120160B00007A570120170B00003C
:1007B40080570120210B0000220B0000240B0000B5
:1007C400280B000053691C4A8870B354190AB218E4
:1007D4005170190C1B0E9170D370B322174B120178
:1007E4001B68B354190AB2185170190C1B0ED3703C
:1007F400124B91705B68124A190AB354B2185170C3
:10080400190C9170B4211B0ED3700901B4228C46CB
:100814000C4B12011B68B35466441A0A72701A0214
:10082400120E1B0EB270F37003B0F0BCBB46B2469E
:10083400A946A046F0BDC0462C0B000074CC012094
:10084400340B0000A0570120F0B55746DE464E4653
:100854004546E0B5037889B0023B82460791042BF4
:1008640001D900F098FD4378002B01D000F090FDF1
:100874008378072B01D000F085FDC378052B01D0C8
:1008840000F080FDD94AC379944681791B020B4359
:100894006344402B01D900F078FD437C047C827CC6
:1008A4001B022343C47C1204134324061C4300216B
:1008B400201C0DF017F8002801D000F08EFCCC4964
:1008C400201C0DF017F8002800D044E1C949201C71
:1008D4000DF026F8002801D100F0C4FCC648C74D2D
:1008E400C74B1C60C74B1860C74B1D60C44B5C6092
:1008F400C44B01245860C44B50465D6053461B7D75
:1009040055465A1E9341C14ADBB2137053465B7D70
:100914005A1E9341BE4ADBB2137052465346517E6F
:100924001B7E090219435346927EDB7E1204114357
:100934001B06B84A0B43136052465346517F1B7F34
:10094400090219435346927FDB7F120411431B06AD
:10095400B14A0B431360B14B52461C702023D25C46
:100964005146531E9A41AE4BD2B21A7021228A5C70
:10097400AC4F9A7022228A5C511E8A41D2B25A70BC
:10098400514624228A5C2521405C514600021043D2
:100994002622895C01320904084351468A5C120606
:1009A40002435A60282250468A5C2921405C514601
:1009B400000210432A22895C01320904084351468B
:1009C4008A5C120602439A60974B1C70974B002472
:1009D4009B463C2353440093954B984623000C3389
:1009E4009B00585DEB1859789A78DE780902084321
:1009F4001204024336061643A3000021FE50301CA5
:100A04009A460CF06FFF002800D0E9E07849301CCA
:100A14000CF070FF002800D04DE37649301C0CF038
:100A24007FFF002800D149E38248744E52465B465A
:100A34009850814B9E50009B1B5D5A1E9341424629
:100A4400DBB213550134032CC8D17C4B00201C00AD
:100A54002E000693030010339B009D5DF3185A7813
:100A640099781202DB781543090429431B060B43CA
:100A7400013008C40728EDD1B2466C2353440493D3
:100A84006F4BB146039300230093009BCB46DA00DF
:100A940001921A001B019B1A9B0000259946039F93
:100AA400049E009A337894463B7073786C007B7094
:100AB400019B63445B190D33DB005B44597A187A5C
:100AC4009A7A0902DB7A08435D49120402438C4690
:100AD4001B0613439846621992004A446244190A59
:100AE40013715171190C1B0E917140460021D37181
:100AF4000CF0F8FE002831D140463D490CF0FAFED6
:100B040000282FD140463B490CF00AFF00282CD086
:100B14003A4B98464A4B40469C466419A4004C44C0
:100B24006444020A207262720135020C000EA27241
:100B3400E07208360C37052DB3D1049BD9464833EF
:100B44000493039B3C330393009B012B00D181E06E
:100B54000123009399E728483A4DC1E6FE239B05FB
:100B64009846D7E7374B9846D4E7404636490CF0C9
:100B74008AFE011C80460CF086FE8246011C40461B
:100B84000CF081FEFE210290890540460CF064FEC3
:100B9400FC210590890550460CF075FE011C059852
:100BA4000CF05AFE2949824602980CF06CFE011C96
:100BB40050460CF051FE0299824640460CF063FE0A
:100BC40023490CF060FE011C50460CF045FE002148
:100BD40080460CF08FFE00289CD00023984699E7AD
:100BE4008020FE260002B60520E7C046F0F4FFFF91
:100BF400000070C20000A041FFFFFF7F308D124152
:100C040074CC01207057012068570120B8E70120F7
:100C1400D1E701209C57012098570120D2E70120F9
:100C24005C57012004C90120BEE701204C57012074
:100C340010C901206994040040570120E8C801202C
:100C440030CE0120788B6742E3C8EB3DADAA2A3E43
:100C5400B4AA2A3D7822FC2394465B44DA469B4698
:100C6400D74B5C4663441D00069B00269B462378B5
:100C74002B7063786B7073009A1992005244F832A7
:100C8400517A107A09020843CD4998468C46937AE2
:100C9400D27A1B04034312061343B20091469219FD
:100CA400920062447832190A1F1C13715171190C95
:100CB4001B0E9171D3710021381C0CF013FE002817
:100CC40000D078E1BF49381C0CF014FE002800D095
:100CD40074E1BD49381C0CF023FE002800D1ADE1BD
:100CE400BA4FB74A4B4694469B199B0063448033E2
:100CF4003A0A5A703A0C9A70424692199200524437
:100D04001F7001323F0EDF70FF32517917799079ED
:100D14000902D2790F430004384312060243100A31
:100D2400111C1A715871100C120E9871DA715B460D
:100D3400996004239C4601360C341435E344052E93
:100D440095D1079B002B16D05046A14A0023944608
:100D54006A30A049A04CFF30043EC25C1D2A00D971
:100D6400A7E165463700D540AF4300D1A1E1CA549D
:100D74000133032BF1D1994B99460493B8235B00BB
:100D840053440393D623DB005344059300239B462B
:100D94005B46DBB298465B465B005B449B009C462B
:100DA40043460193634600255146039F049E0097E2
:100DB4000293019B75703370009B1B78B370029B88
:100DC40010365A191301173212018A1854791079FE
:100DD400240220439479D279240420431206024346
:100DE4004846C418100A22716071100C120EE27188
:100DF4002200CB187933A071FF335F7818783F0253
:100E040038439F7801353F043843DF783F06384341
:100E14002072040A5472040C000E9472D072187971
:100E24008246587900028046504644462043824612
:100E34009879DB7900048446504664461B062043B7
:100E44000343180A13735073180C1B0ED373009BBF
:100E54009073103300930C2DABD101239C46049B5B
:100E6400059AC0330493039B8A46C033E344039337
:100E740093428DD19B24A927002624013F01584D7C
:100E84005444574421002800202220340DF050F906
:100E9400EE772035A742F5D153461A78022A00D8B6
:100EA40048E1B3219879DB7909011B0203438B42A2
:100EB40000D330E2032A00D83CE1B22351461B019F
:100EC400C95C50464B1E9941464BC9B219704649FC
:100ED4005446415C0025197244495646415C481EFB
:100EE40081415046C9B219744149415C4148205C72
:100EF400000208434049615C090408433F49615CBE
:100F0400090601433E4859603E49205C615C000289
:100F140008433D49615C090408433C49615C090696
:100F240001433B48D9603B49205C615C00020843B3
:100F34003949615C090408433849615C0906014385
:100F44005961012336490B7036490B70052A00D8C4
:100F540000E1B3239B00EB189B009C5DF3185A78C7
:100F6400997812022243DC7809040A4324061443C4
:100F74000021201C0CF0B6FC002800D028E1114907
:100F8400201C0CF0B7FC002800D02CE10E49201CDA
:100F94000CF0C6FC002800D128E123480B4F234A5B
:100FA400AB00D450224AD050224AD750012D00D150
:100FB400D8E00125CDE7FE27BF0592E61E4F90E657
:100FC40030CE0120000070C20000A041308D1241DB
:100FD40000108023AC570120DC41012074F2012071
:100FE400DCBE022080570120210B0000220B0000F0
:100FF400240B0000250B0000260B0000270B00002B
:10100400290B0000280B00002A0B00002B0B00000A
:101014002D0B00002C0B00002E0B00002F0B0000EA
:10102400CFE70120CEE70120FFFFFF7F74CC012032
:101034007057012068570120788B6742E049381CBB
:101044000CF021FC011C071C0CF01DFC011C019080
:10105400381C0CF018FCFE2100908905381C0CF09B
:10106400FBFBFC210290890501980CF00CFC011C8F
:1010740002980CF0F1FBD349019000980CF003FCAA
:10108400011C01980CF0E8FB00990190381C0CF04D
:10109400FAFBCD490CF0F7FB011C01980CF0DCFBCA
:1010A4000021071C0CF026FC002800D119E60027BB
:1010B40017E6E25C5BE6C548C54EB7E4C049301CA0
:1010C4000CF0E1FB011C061C0CF0DDFB8146011C4D
:1010D400301C0CF0D8FBFE2101908905301C0CF06B
:1010E400BBFBFC210290890548460CF0CCFB011C9B
:1010F40002980CF0B1FBB349814601980CF0C3FB94
:10110400011C48460CF0A8FB01998146301C0CF0E8
:10111400BAFBAD490CF0B7FB011C48460CF09CFB34
:101124000021061C0CF0E6FB002800D184E100201D
:1011340000267BE40022A74BA7491A7059601A7253
:10114400A64AA749DA6001221A745961A54B1A709C
:10115400A54B1A70002009B0F0BCBB46B246A946A4
:10116400A046F0BDB4231B01F25CA04BA049F35C84
:101174001B021A439F4BF35C1B0413439E4AB45C4B
:1011840024061C43251C64006408201C0CF0CDFBC1
:10119400002806D19649201C0CF0C2FB002800D17F
:1011A4009CE00025954B1D609549281C0CF057FBCD
:1011B400011C94480CF0DCFD8E21934BC90518608A
:1011C4000CF061FB0CF0E4FB904B18600020C2E7CC
:1011D4008020FE274005BF05E1E68020FE2540056E
:1011E400AD05FFF77DFB8A48794FD8E67449201C8A
:1011F4000CF049FB011C071C0CF045FB011C82464A
:10120400381C0CF040FBFE2180468905381C0CF08C
:1012140023FBFC218146890550460CF034FB011C5C
:1012240048460CF019FB6749814640460CF02BFBFD
:10123400011C48460CF010FB41468146381C0CF05A
:1012440022FB61490CF01FFB011C48460CF004FB17
:101254000021071C0CF04EFB002800D19EE000206A
:1012640000279CE65649201C0CF00DFB011C051CB4
:101274000CF009FB071C011C281C0CF004FBFE21CC
:10128400061C8905281C0CF0E7FAFC218046890518
:10129400381C0CF0F8FA011C40460CF0DDFA494900
:1012A400071C301C0CF0EFFA011C381C0CF0D4FAAB
:1012B400311C071C281C0CF0E6FA43490CF0E3FA35
:1012C400011C381C0CF0C8FA0021051C0CF012FBA0
:1012D40000286BD000200025FFF702FBC32636064A
:1012E400311C281C0CF006FB002809D0434B1E605F
:1012F4000022454B00201A600022444B1A602AE762
:101304000024281C211C0CF00BFB3C4B002828D08B
:101314001C60211C4DE72039022251443D480CF049
:1013240007FF52463C4B5146D25C3C4B1A70524626
:101334003B4BD25C3B4B1A7052463B4BD35C5A1E20
:1013440093413A4A137053461A78394BCB5C042ABA
:101354000FD9013B59424B413649DB0180330B80A5
:10136400ABE51D60311C281C0CF0CAFA0028BFD163
:101374001AE7002B04D180235B002E490B8099E5EA
:101384009BB2FAE703204042E5E604204042E2E64D
:1013940002204042DFE601204042DCE69B21381C6B
:1013A400C9050CF070FA0CF0F3FAF8E59B21281C3F
:1013B400C9050CF068FA0CF0EBFAFFF791FAC04695
:1013C400E3C8EB3DADAA2A3EB4AA2A3D6FF11C0046
:1013D400788B67428057012000004842000070412A
:1013E4000000C0C2CFE70120CEE70120410B00007E
:1013F400FFFF7F7F420B0000430B0000A05701203A
:101404000000A04100002041A4570120A85701205A
:10141400FFFFFF7F18CF0120140B00007857012035
:10142400150B00007C570120160B0000CCE70120AF
:10143400170B00007A5701208E21301CC9050CF0CF
:1014440022FA0CF0A5FAFFF7F1FAC046F8B5CE4639
:1014540047460B7804000D0080B5161C002B00D104
:10146400A2E0FE21101C89050CF044FA002800D0EB
:101474009AE0AB78022B5BD8524ADB009F58D31812
:10148400514958680CF0EBF9011C50480CF070FC01
:101494004F498146381C0CF0F6F9311C0CF0DFF989
:1014A4000CF0F2FA011C071CFE2080050CF0D1F9A7
:1014B400FE218046890548460CF0CEF9011CFE2029
:1014C40080050CF0CCF941460CF0DDF96B788146CF
:1014D400002B4DD0311C40460CF0D5F9011C381CB2
:1014E4000CF0BDF9011C3B480CF0B3F90021051CBC
:1014F4000CF016FA00283BD0291C301C0CF0C3F960
:10150400051C011CFE2080050CF0A3F9FE21061C1D
:101514008905281C0CF0A0F9011C301C0CF09FF963
:101524009B21C9050CF0AFF90CF032FA050021E05B
:101534006F68AB682849381C98460CF0DBF9002822
:1015440038D12649381C0CF0EBF9002800D0234F81
:10155400002140460CF0CEF90021002895D14046E8
:101564001F490CF0DDF9002826D0FD2189058CE700
:1015740080256D059B214846C9050CF084F90CF0C3
:1015840007FA9B212060C905381C0CF07CF90CF08B
:10159400FFF9002360602561A360E3606361A361D8
:1015A400C0BCB946B046F8BD1C22002120000CF096
:1015B400B9FDF5E7084FCBE7034940460CF04FF976
:1015C400011C62E7E04101200000A041000020412D
:1015D400DB0FC9C0CDAF66390000FA430000FA44FE
:1015E40000007041F0B5DE4657464E464546E0B52C
:1015F400070085B0101C0C00D549161C0CF043F9EB
:101604007B793979BA791B020B43F97912041343B4
:1016140009061943051C0CF06DF9002807D02B0AA4
:101624007B712B023D711B0E2D0EBB71FD717B7BFB
:10163400387BBA7B1B020343F87B12041343000676
:101644001843C4490CF00BF9011CC3480CF090FB7F
:101654007A79051C3879BB7912020243F8791B04A4
:101664001A4300061043BD490CF00DF9311C0CF06F
:10167400F6F880460CF0F6F9061C40460CF0E0F94A
:1016840000907B7A387ABA7A1B020343F87A120400
:10169400134300061843011C0CF0DEF8011C301C37
:1016A4000CF0DDF8BB78061C052B00D904E2AC4A2B
:1016B4009B00D3589F46FE21009F8905381C0CF0DF
:1016C400CBF8FE2180468905301C0CF0C5F8FC21BE
:1016D400051C890540460CF0D6F8291C0CF0BFF80F
:1016E4009B21C9050CF0CFF80CF052F980231B069E
:1016F400434482461800291C0CF0B1F89B21C9050B
:101704000CF0C1F80CF044F9C02181460906381CDC
:101714000CF0B9F8291C0CF0A2F89B21C9050CF0B7
:10172400B2F80CF035F90700FE20311C80050CF0EE
:1017340090F8291C0CF093F89B21C9050CF0A3F830
:101744000CF026F95546534623604B46A56063606A
:10175400E760206105B0F0BCBB46B246A946A0468E
:10176400F0BD011C281C0CF08EF8291C8046301C8E
:101774000CF075F8FE21890583460CF06DF8FE2106
:10178400061C890540460CF067F8311C0CF067F81C
:101794009B21C9050CF077F80CF0FAF8C0218246B9
:1017A400090600980CF06FF8311C0CF058F89B21D6
:1017B400C9050CF068F80CF0EBF88146FE204146B0
:1017C40080050CF046F8311C0CF049F89B21C90542
:1017D4000CF059F80CF0DCF80500FE2059468005A1
:1017E4000CF037F8311C0CF03AF89B21C9050CF0C9
:1017F4004AF80CF0CDF84F46A5E7FE21281C8905D0
:101804000CF02AF8FE2181468905281C0CF021F8E9
:10181400009F8046011C381C0CF035F8011C8346DF
:1018240048460CF016F80090281C0CF0F9F84946CC
:101834008246381C0CF027F80190281C0CF0F0F8B4
:101844005946071C48460CF007F88146281C0CF042
:10185400E7F8011C0CF000F8311C0CF014F84B46AE
:10186400494603930BF0F8FF8346281C0CF0D8F884
:101874005146029050460BF0EFFF311C0CF003F878
:1018840000990BF0E9FF291C0BF0FDFF59460BF002
:10189400E6FF9B21C9050BF0F6FF0CF079F8291C33
:1018A4008246281C0BF0D8FF0199814640460BF074
:1018B400D0FF011C48460BF0E6FF59460BF0CFFF62
:1018C4009B21C9050BF0DFFF0CF062F8391C81463F
:1018D400381C0BF0C1FF311C0BF0D5FF011C009824
:1018E4000BF0B7FF291C0BF0CEFF59460BF0B7FFE6
:1018F4009B21C9050BF0C7FF0CF04AF801990500BC
:1019040040460BF0A9FFC02109060BF0BCFF594665
:101914000BF0A5FF9B21C9050BF0B5FF0CF038F8BF
:10192400029B0700191C181C0BF096FF311C0BF0CE
:10193400AAFF011C03980BF08CFF59460BF08FFF94
:101944009B21C9050BF09FFF0CF022F8FBE6C04673
:101954006666E63E0000204200002041DB0FC940DD
:10196400F8410120FE21281C89050BF075FFFE219A
:1019740081468905281C0BF06CFF009F8046011CE2
:10198400381C0BF080FF011C834648460BF064FFB3
:101994000090281C0CF044F849468246381C0BF091
:1019A40072FF0190281C0CF03BF85946071C48466E
:1019B4000BF04FFF8146281C0CF032F8011C0BF091
:1019C4004BFF311C0BF05FFF4B46494603930BF072
:1019D40043FF8346281C0CF023F8514602905046DE
:1019E4000BF03AFF311C0BF04EFF00990BF034FF63
:1019F400291C0BF048FF59460BF031FF9B21C90508
:101A04000BF041FF0BF0C4FFC02182460906281CDD
:101A14000BF039FF0199814640460BF01DFF011C74
:101A240048460BF030FF59460BF019FF9B21C905BE
:101A34000BF029FF0BF0ACFF391C8146381C0BF06E
:101A44000BFF311C0BF01FFF011C00980BF001FF72
:101A5400291C0BF018FF59460BF001FF9B21C90507
:101A64000BF011FF0BF094FF0199050040460BF0B9
:101A7400F0FE011C0BF0F0FE49E7FE20009F8005FC
:101A8400391C0BF0E6FEFE2180468905301C0BF064
:101A9400E3FEFC21051C890540460BF0F4FE291CDD
:101AA4000BF0DDFE9B21C9050BF0EDFE0BF070FF82
:101AB400291C824640461FE6802300205B05070060
:101AC400050081469A463EE6F8B54746CE4680B5BF
:101AD400837804000D009846171C002B5DD04379D1
:101AE400027986791B021A43C379360416431B060E
:101AF4001E430021301C0BF003FF00284DD1434648
:101B0400013B022B10D8627B207BA37B1202024391
:101B1400E07B1B041A430006104340002A49400896
:101B24000BF0E8FE002838D10021381C0BF0DAFE57
:101B3400002832D12877637A217A1B02A27A1943CA
:101B4400E37A12040A431B0613432049181C9846DF
:101B54000BF0D0FE814600282DD140461C490BF0E5
:101B6400DFFE002806D04B4623726372A023A372C3
:101B74005F3BE3721749301C0BF0BCFE002806D013
:101B84000023237163712033A3712133E37129008E
:101B940020003A1CFFF726FD09E001232B77802360
:101BA4005B052B6000236B60AB60EB602B61C0BCFA
:101BB400B946B046F8BDCD232372013B6372A372CC
:101BC4008F3BE372D6E7C0460AD7233CCDCCCC3D4D
:101BD4000000A04100002041F0B5DE4657464E46C5
:101BE4004546A822E0B5FE4E8FB000211201300018
:101BF4000CF098FA1C220021FA480CF093FAFA4BE4
:101C0400771C9A4680239C465E3B534403934223AD
:101C1400534404936223B44453446246FF37059308
:101C240000230121D046BC46029301960092029AF9
:101C3400EE4B91469954802301985B050360002480
:101C4400017740461E0053004B449B01534484706B
:101C54001C715C710824A146442099447A22EC3416
:101C6400FD251C72D8714C4648469A713B3A657002
:101C74003424C27000223C27027142718271C27105
:101C840084700198BA46C1554746BA741027B946BC
:101C940099444F463A717A717A22BA714A46442776
:101CA400D7712C3FB946F42299444F461A76B53A77
:101CB400FA70002206623A717D70BC707A71BA7152
:101CC400FA715C27C155B9462027BB469B445F4641
:101CD4000664039E32703A717A717A22BA715A4656
:101CE4004427D7711C3FBB469B445F46F4223A709D
:101CF400B53AFA7000227D703A717A71BA71FA714C
:101D0400BC707C27C15580277F0507663027BB46FA
:101D14009B445F4632743A717A717A22BA71363AC8
:101D2400FA710C3A93469B445F46BC323A703F20AA
:101D34000022F8703A717A71BA717D70BC70FA71D0
:101D44008027009E7F0537604027BB469B445F4643
:101D54000498317702705E463A717A717A27B771C6
:101D6400363FF7714826B3469B445E46B03737701A
:101D7400B53F32717271B271F271F7707570B470EF
:101D84005646009F0274B9558027009E7F0537622E
:101D94005026B3469B445E46327172717A22B27108
:101DA400363AF2711A00F427583217703F20002790
:101DB400D070BB4617715771557094709771D77175
:101DC40080274E46009A7F05915517641A005E4697
:101DD400059860320670167156713F267A27D672BE
:101DE4005E469771363FD771B037177216735673C4
:101DF400557294729673D67380277C22009E7F0559
:101E0400B1541A0037665E46703206741671567104
:101E14003F267A27D6725E469771363FD771B03720
:101E2400380017728027167356735572947296731E
:101E3400D67366467F05376031775F464646822211
:101E4400B7541A0088268032177157717A27B3461F
:101E54009771363FD7719B4402005E46B53AF270E3
:101E64000022307032717271B271F2717570B47097
:101E740057466646F15580277F0537629226B2465B
:101E840046465746F2559026B2469A445646183F5F
:101E9400B771363F32717271F7719826B2460700F6
:101EA4009A445646B53F3070F77032714F4672719E
:101EB400B271F2717570B4706646F15580277F0572
:101EC4003764A226B14646464F46F255464E263F53
:101ED400B246A026B14699444E46327172717A22B6
:101EE400B271363AF271A826B146414E99440200C5
:101EF400B3464E46B53AF2700022307032717271B8
:101F0400B271F2717570B4706646F15580277F0521
:101F14003766B226B14646464F46F255B026B1461C
:101F240099444E46B8331870B538D8700198327158
:101F340072711A715A719A71DA71029A383F81304A
:101F4400B7715D70363F9C70FF30531CF77102937C
:101F54000190C0208146C030C8448146039F009E42
:101F6400C037059A0397049F8136FF36C037C032C5
:101F74000096CC4404970592072B00D057E6102214
:101F8400002106A80CF0CEF8052306AA93705B4640
:101F94001548184D06A910224844089307950CF0DB
:101FA400C7F890239B009C460F4806A91022604462
:101FB4000CF0BEF8C0239B009C460B4806A91022D7
:101FC40060440CF0B5F8F0239B009C4606480AAC2C
:101FD400604406A910220CF0ABF810220CE0C046B5
:101FE400F4E70120E8C8012074F20120ECE70120A5
:101FF400F4FD343F0000A042002120000CF092F8D0
:102004000423A3705B460C939023DB009C46074893
:102014001022210060440B950CF08AF80FB0F0BC3C
:10202400BB46B246A946A046F0BDC04674F20120A4
:10203400F0B5C6460027464B464E00B5B1681F7042
:102044009846041C0BF01FFC43490BF008FC0BF0F2
:102054009FFC80231B01984250DD404D2B600127DB
:10206400F168201C0BF00FFC3B490BF0F8FB0BF064
:102074008FFC80231B01984259DD6B600127316975
:10208400201C0BF000FC34490BF0E9FB0BF080FC46
:1020940080231B01984245DDAB6001277169201C38
:1020A4000BF0F1FB2C490BF0DAFB0BF071FC8023F5
:1020B4001B01984231DDEB6001278620211CB669A3
:1020C400C0050BF0CCFB24490BF0DDFB311C0BF0FD
:1020D400C3FB211C0BF0D7FB1F490BF0C0FB0BF01B
:1020E40057FC80231B01984212DC00282ADB28615C
:1020F4000FD1002F0DD180BCB846F0BD174D00287C
:1021040003DB2860ABD10027AAE72F600027A7E7ED
:102114002B61012342461370EDE700280CDBE860D5
:10212400CBD0C9E7002810DBA860B7D0B5E70028FA
:1021340005DB6860A3D0A1E70023EB60BDE70023C3
:102144006B609CE700232B61D3E70023AB60A5E71A
:10215400B5E70120E8C8012000007A44D4C8012072
:10216400F0B5DE4657464E464546E0B50026B44F28
:10217400B44C8BB0A1683E7004900BF084FBB24960
:102184000BF06DFB0BF004FC80231B01984200DC78
:1021940000E1AE4D2B600126E16804980BF073FB5F
:1021A400A9490BF05CFB0BF0F3FB80231B01984265
:1021B40000DCE3E16B600126216904980BF063FB0A
:1021C400A1490BF04CFB0BF0E3FB80231B0198426D
:1021D40000DCCDE1AB600126616904980BF053FB90
:1021E40099490BF03CFB0BF0D3FB80231B01984275
:1021F40000DCC9E1EB6001268620049BA4699846B3
:10220400191CC0050BF02BFB8F490BF03CFB211C68
:102214000BF022FB41460BF036FB8B490BF01FFB06
:102224000BF0B6FB80231B01984200DD9CE10028E3
:1022340000DAB5E1286100D097E1002E00D094E1E6
:10224400834B0393834B9A4680235344069353460C
:102254000133FF330793022301930023D3460093F2
:102264000593039B1B789A46002B00D179E100214A
:1022740004980BF037FB002800D0F9E0764B009A65
:102284005C469F1A059A01219446530063449B00BF
:1022940000268B46029309946AE06F4A029B90469B
:1022A4009B191B01984443461A795B7900211B0250
:1022B4001A4343469D79DB792D0415431B061D43C0
:1022C400281C0BF01DFB002859D14B46013B022B67
:1022D4006BD90023604A23779046029B9B191B010C
:1022E4009844082343449A4643465A7A197A120278
:1022F400114342469B7AD27A1B040B4312061A43BB
:102304005649101C91460BF0F5FA0890002861D04C
:10231400CD23424613725246013B537093708F3B58
:10232400D3704F49281C0BF0E5FA00280CD04A4A18
:10233400029B944600229B191B0163441A715A7133
:1023440020329A712132DA7121003800049AFFF7A1
:1023540049F9039B1B789A46237F01365A1E934101
:102364005A465B421A40934620341037564541DAA8
:10237400009B019ADB199B5C9946002B8DD10123AC
:10238400237780235B05236000236360A360E360FD
:102394002361E1E72D4D002804DB286000D0FAE634
:1023A4000026F9E62E600026F6E643465A7B187BA3
:1023B4009B7B120202431B041A434346D87B2949E0
:1023C40000061043400040080BF094FA002800D1A6
:1023D4007FE7D4E7484624490BF0A2FA0028A0D0AE
:1023E4004246089B137252465370A02393705F3B7E
:1023F400D37096E7099B11009B46059B1B4AD15459
:10240400039A013301320392C02252009446009A87
:102414000593C03A0092019AE344C0320192069AAD
:1024240062440692079A62440792072B00D018E789
:102434000BB0F0BCBB46B246A946A046F0BDC046B0
:10244400B5E70120E8C8012000007A44D4C801207F
:1024540014570120F4E7012074F20120CDCCCC3DC7
:10246400000020410AD7233C0000A041ECE70120F2
:1024740080225B4601215205584619771A600023D1
:1024840043608360C36003615046012866D05C46A4
:102494003C20215422626362A362E36223635446B4
:1024A400022C5BD05D465C2429552A646B64AB64C2
:1024B400EB642B655546032D50D05E467C25715543
:1024C40032667366B366F36633675646042E45D0A8
:1024D4005746069E317732607360B360F3603361B0
:1024E400052F3BD0315432627362B362F3623363BB
:1024F400062F33D0315532647364B364F3643365A7
:10250400072F2BD0715532667366B366F366336753
:10251400082F23D00023079C217722606360A360E7
:10252400E3602361092F19D03C20215422626362A5
:10253400A362E36223630A2F10D05C202154226437
:102544006364A364E36423650B2F07D07C202154C8
:1025540022666366A366E36623674EE701231900D8
:102564004BE70133190048E72B6101233B7067E611
:10257400002818DBA86000D12EE62CE6002809DB31
:10258400686000D118E616E6002806DBE86000D192
:1025940032E630E600236B600EE60023EB602BE6A8
:1025A40000232B6149E60023AB6015E610B511F05A
:1025B400F3FC10BD10B511F02FFD10BDF8B5CE46DB
:1025C400474680B51700FF23FF379F43334B160060
:1025D400802299460D005201FF21040018000BF0DF
:1025E400A1FD3200290048460BF0A2FD01200CF0A9
:1025F400DDF80026002803D0EFF30583002B46D036
:10260400EFF3108872B6802120004901FFF7CEFF56
:102614003A0049462000FFF7CDFF88F31088002ECA
:1026240039D11F4E1F483168890007F0F5F9326827
:102634001D4B00211A601D4B1B6818009B0F820064
:1026440012184B41002192185B41194880185941D6
:10265400002916D1FA23DB02984212D2802080008E
:102664000122144B1860144B1A7080235B05E05848
:102674002B68C01A431E98414042C0BCB946B046BC
:10268400F8BDFA22002392000AF0F0F8E8E70CF013
:102694005BF80126B4E70CF061F8C2E700A0012062
:1026A40014CF012094AE02206CCC012034570120B9
:1026B400E703000054D70120DFE7012070B5324B57
:1026C4009A7C012A37D05D696C0064082F49201C6C
:1026D4000BF02BF9002852D12C49201C0BF020F9C7
:1026E40000284CD1C3263606311C281C0BF002F9F5
:1026F400002808D0264B1E600022264B1A600022B8
:10270400254B1A6070BD0024281C211C0BF008F90D
:102714001F4B002826D01C60211C20480BF028FBEE
:102724008E211C4BC90518600BF0ADF80BF030F985
:10273400194B1860E6E70028C5D0427901791202E6
:102744000A430B2ABFD9164BC25C164BC35C1B024F
:102754001A43154BC55C154B2D04C35C15431B066E
:102764001D43B1E71D60311C281C0BF0C9F800287B
:10277400C2D10F49281C0BF072F8011CCDE70025CB
:10278400034B1D60F5E7C046A4CA0120FFFF7F7F0D
:10279400A0570120A4570120A85701200000204180
:1027A4002C0700002D0700002E0700002F07000053
:1027B4000000A04170B5FFF70FFA8020FE2200242C
:1027C400504D5149514B920540052C6008601A60E8
:1027D4006C60002548605A600020FFF76FFF80217D
:1027E40001264B4B4B481D704B4A4C4B090204606D
:1027F40011601D70446051605D70846091609D70D3
:10280400474B484A1D70484B484C1A60484B494A4C
:1028140000211A60484B494A1E70494B20001D7024
:102824005E709D705A60474A9A60474BDC221E7066
:102834000BF078FC482180233F226654083165540C
:1028440001316554013163540131625425316654B8
:1028540021008031E5544D70CA708B708C21665410
:1028640008316554210094314D70CA708B70A821D1
:1028740065542100A8314D70CA708B70BC21655419
:102884002100BC314D70CA708B70D0212572655403
:102894006572E2722670A372D0346570E270A37020
:1028A40000242A4B393A1A7001325A70284D0332E7
:1028B4009A7029002000013405F0F8FD2035072C1A
:1028C400F7D10222002123480BF02CFC0E22224BCC
:1028D40080211A70214B013A1A700022204B1A7081
:1028E400204B1980204B21491A7059601A72204AD2
:1028F4002049DA6001221A7459611F4B1A701F4B68
:102904001A7070BD74CC01207057012068570120E3
:10291400B8E7012004C901204C57012010C9012047
:10292400D1E701200000A6429C57012030CE0120AF
:10293400985701200000C842D2E7012000002F442C
:102944005C57012000009040BEE70120AC570120F5
:10295400DCBE022018CF0120785701207C570120CB
:10296400CCE701207A57012080570120000048421B
:10297400000070410000C0C2CFE70120CEE7012073
:10298400F0B5DE46454657464E46E0B585B0039160
:10299400A82201000500D200DB480C310BF0C8FB73
:1029A4006B792A791B0213430B2B40D9D74B002494
:1029B4009946D74BCB469846D64F2300C933FF33AD
:1029C4009B00EB18187959799A79DE79A3009A4615
:1029D4000902084312040243360616435B46524674
:1029E400CD499E50301C0AF08BFF002800D02CE308
:1029F400CA49301C0AF08CFF00285CD1C849301C3D
:102A04000AF02DFF011CC7480BF0B2F99B21C90540
:102A140081460AF038FF0AF0BBFF434652469850FD
:102A240053464A46FA50012C48D00124C5E70023F6
:102A34009A46B64B56469946B54BB64F9846BA4B4E
:102A44009B465B46EA5CB94BB349EB5C1B021A43F9
:102A5400B74BEC5CB74B2404EB5C14431B061C43E0
:102A6400B3009A464B465246201C9C500AF048FF3D
:102A7400002800D0EDE2A949201C0AF049FF0028F3
:102A840016D1A749201C0AF0EAFE011CA5480BF048
:102A94006FF99B21C905041C0AF0F5FE0AF078FFC2
:102AA400524643469850BC50012E07D00126C8E731
:102AB4008121C905EAE78121C905A4E7AA23DB002E
:102AC400EB5C9D485A1E93419C4ADBB213709C4BAD
:102AD4001C22E9180BF02CFB9A4B00269B469A4BC0
:102AE4009A469A4B99469A4BA94498464C463300C9
:102AF4005D33FF339B00585DEB1859789A78DF7883
:102B0400B300994609020843120402433F061743DF
:102B14005B464A4680499F50381C0AF0F1FE002863
:102B240000D0EEE07D49381C0AF0F2FE002800D007
:102B340060E27B49381C0AF092FE011C79480BF0D4
:102B440017F98E21C9050AF09EFE0AF021FF4A46B4
:102B540053469850A35D5A1E93414246DBB29355A7
:102B64000136032EC3D1B023DB00EB5C01245A1ED3
:102B74009341784ADBB21370774A784BA95CEB5CDB
:102B840009021943764BAA46EA5C764B1204EB5CC5
:102B940011431B06744A0B431360B123734ADB00D1
:102BA400A95CEB5C09021943714BEA5C714B12049A
:102BB400EB5C11431B06704A0B4313606F4B1C7094
:102BC4006F4BEA5C531E9A416E4BD2B21A706E4A36
:102BD400AA5C9A706D4AAA5C511E8A41D2B25A709C
:102BE400B2226B49D200685CAA5C00021043694AB5
:102BF400A95C694A0904AA5C0843120602436749AE
:102C04005A60674A685CAA5C00021043654AA95C82
:102C1400654A0904AA5C0843120602439A60634B9E
:102C24001C70B323DB009C46AC4463460193604BA9
:102C3400029300239B465B469B0000935B465A46E7
:102C44001B019B1A9B0000269846029D019F3B781E
:102C540074002B707B786B70009B5B449B19B333BF
:102C6400DB005344597918799A790902DB790843CE
:102C74004F49120402438C461B0613439946A2197A
:102C8400920042446244190A13715171190C1B0ECB
:102C9400917148462049D3710AF032FE00282BD1A5
:102CA40048461E490AF034FE002827D11C494846EC
:102CB4000AF0D5FD011C1B480BF05AF83C4BA41933
:102CC4009C46A40044446444020A207262720136A1
:102CD400020C000EA272E07208370C35052EB6D134
:102CE400019B28330193029B3C3302935B46012BE7
:102CF40060D001239B469EE70020DFE78121C905C0
:102D0400D9E7002023E7C04674F2012074CC0120E7
:102D140070570120685701200000F0C20000A04253
:102D24000000A041000020414C0500004D050000BA
:102D34004E0500004F050000E8C80120B8E7012057
:102D44005405000004C901204C5701207C050000F3
:102D540010C90120D1E70120850500008405000089
:102D640086050000870500009C57012089050000A6
:102D74008A0500008B05000098570120D2E7012046
:102D84008C0500005C5701208D0500008E050000B5
:102D940091050000920500009305000095050000D0
:102DA400940500009605000097050000BEE7012089
:102DB40030CE01207822BD239446DB005546994647
:102DC400AB4BD14463449846AA4B00279A462B0048
:102DD4004E46454698463378BC002B7073786B702A
:102DE4007B00DA199946BD23DB009C4692004244DD
:102DF4006244517910790902937908439C49D27944
:102E04008C461B040343120613439B46E2199200AB
:102E140062447832190A13715171190C1B0E9171A5
:102E240058469549D3710AF06BFD002800D0DAE0CA
:102E3400584692490AF06CFD002800D0D5E090492C
:102E440058460AF00CFD011C8E480AF091FF884A8E
:102E5400BE219446E419A30063448033020A5A70E5
:102E6400020C9A704A46C9008C46D2199200187016
:102E74004244000ED8706244517814789078090264
:102E8400D2780C430004204312060243100A111C9A
:102E94001A715871100C120E9871DA7153469960B8
:102EA40004239C4601370C361435E244052F92D195
:102EB400039B4546002B16D0734A0023A818734A77
:102EC400012794467249734CC25C1D2A00D98FE0D5
:102ED40066463D00D640B54300D189E0CA5401336B
:102EE400032BF1D145466B792A791B021343072B37
:102EF40000D89FE0684BE0226848E9180BF018F905
:102F04006C792B79240202221C43082C00D874E02B
:102F1400634B6448E9180BF00BF9E223DB00EA5C2D
:102F2400614B1A70614BEA5C614B1A70614BEB5C4C
:102F34005A1E9341604A1370604BEB5C0A2C00D814
:102F44008AE0013B5A4253415D4ADB0180331380DE
:102F54005C4BEA5C531E9A415B4BD2B21A705B4ADB
:102F6400AA5C1A725A4AAA5C511E8A41D2B21A74D5
:102F7400E3225849D200685CAA5C00021043564A16
:102F8400A95C564A0904AA5C084312060243544940
:102F94005A60544A685CAA5C00021043524AA95C15
:102FA400524A0904AA5C084312060243DA60E42286
:102FB4004F49D200685CAA5C000210434D4AA95CE8
:102FC4004D4A0904AA5C0843120602435A610123CC
:102FD4004A4A13704A4A137005B0F0BCBB46B24665
:102FE400A946A046F0BD002031E78121C9052BE7A1
:102FF400E25C73E78121C905A0E5002129480BF0B3
:1030040091F80E22284B1A70294B013A1A700022AB
:10301400294B1A702A4B80321A8000222A4B3949D4
:103024001A7059601A72384ADA6001221A74374ADF
:103034005A61CCE70024194E31002000013405F018
:1030440035FA2036072CF7D15AE700230020994699
:10305400E3E40020002423E5002B07D180235B0058
:10306400174A13800A2C00D172E7D6E79BB2F7E720
:1030740030CE0120E8C801200000F0C20000A042C8
:103084000000A0410000204124060000001080231D
:10309400AC570120244201202C060000DCBE022093
:1030A4000C07000018CF01207857012011070000F9
:1030B4007C57012012070000CCE701201307000011
:1030C4007A570120140700008057012015070000DB
:1030D40016070000190700001A0700001B0700006C
:1030E4001D0700001C0700001E0700001F0700004A
:1030F400210700002207000023070000CFE701207A
:10310400CEE7012000004842000070410000C0C228
:103114001349F8B5134B0F000E000B600223012571
:103124005937114C4B600C36FF37033B3278534010
:10313400082258082B405B422340013A4340002AAE
:10314400F7D10136B742F1D1FA20DB435932FF32CD
:1031540040038B60FFF732FA431E98414042F8BDAA
:10316400A4CA0120325053442083B8ED164A030008
:1031740080180003154A0168F0B5914221D1C28834
:103184009A421ED1E623DB000600C718012301255D
:103194000F4C0C365B4232785340082259082B40BE
:1031A4005B422340013A4B40002AF7D10136B74233
:1031B400F1D1DB438268D31A5A4253415B4218402F
:1031C400F0BD0020FCE7C046F50101003350534434
:1031D4002083B8ED70B5344B9B88022B42D0012B71
:1031E40004D000220020314B1A7070BD0124304DF0
:1031F4003048314E023B2A78534008225908234074
:103204005B420340013A4B40002AF7D10135B542F5
:10321400F1D1DB43244DAA689A42E2D1AC22274E75
:103224005200002130000AF07DFF2B7B3000337305
:103234006B7B23497373AB7B1830B373EB7BF373F2
:103244002B8A3382AB7C5A1E9341A022B3741D4B4C
:10325400520073610AF06CFF144B1C70FFF758FFA7
:103264000120C2E70124124D1248174E033B2A786D
:1032740053400822590823405B420340013A4B4023
:10328400002AF7D10135B542F1D1DB4306498A68FA
:103294009A42A6D1AC22094852000AF049FF034BD6
:1032A40001201C70A1E7C04600401F10BFE70120A9
:1032B4000C401F102083B8ED54411F10A4CA0120F4
:1032C40014401F100000A0C158411F1070B5104CCD
:1032D4002378002B00D070BD0E4A0F4B12689A421F
:1032E40003D1FFF777FF0028F5D1AC220B4D002165
:1032F400520028000AF016FF28000126084B1F225E
:1033040008491830EE736B610FF0DEFB2670E2E7BC
:10331400BFE7012000401F1032505344A4CA0120CB
:103324000000A0C110420120F8B54546DE465746CC
:103334004E46E0B58046FFF7C9FFE622B64C0021B1
:10334400D20020000AF0EEFEB44B200023600C23D0
:10335400A822A3804346B249D2000C30E3800AF08D
:10336400E7FEB04B00271A689B46AF4BE250AF4BC9
:103374001A78AA23DB00E254AD4BAE4AE31823CA01
:1033840023C323CA23C312681A60AE23AA4ADB00EC
:10339400E31823CA23C3A94BA94A1978A15459781D
:1033A400A84AA1549A78A84BE254A84B1A78B0239F
:1033B400DB00E254A64B1A68A64BE250A64B1A68EF
:1033C400B123DB00E250A54BA54A1978A1549978A2
:1033D400A44AA1545978A44AA15459680232A1506C
:1033E400A2499A680E00A24BE2500433E5183378E0
:1033F4002B7073780C366B707B00DB199B00CB1839
:103404001A790137914648465A7912021043814687
:103414004A469879DB79000410431B0603436B602A
:103424000835052FE3D10F00002292483C373B7842
:1034340003707B780C37437053009B189B00CB18A8
:103444003C335E791D79360235439E79DB79360447
:1034540035431B062B43013243600830052AE6D16D
:103464000E000025844A783678208246337813701B
:10347400737814365370AB005B199B00CB189A44D5
:1034840050460079803381465046477948463F028A
:10349400384381465046877948463F04384381463D
:1034A40050464F46C07901350006384350601879BC
:1034B40081464F46587900020743B94648469F79EA
:1034C400DB793F0407431B063B4393600C32052D15
:1034D400CAD16A4B03226A49E0180AF029FE694BF3
:1034E400E0226949E0180AF023FE684B0222684989
:1034F400E0180AF01DFE674B27001A78E223DB0070
:10350400E254654B01261A78644B6548E254654BD6
:103514000C371A78644BE254644B1B88013BFF3B25
:103524005A425341624AA354624B634A1978A154E4
:10353400197A624AA154197C614AA1545968023229
:10354400A150D9685F4AA1505A69E423DB00E250D4
:103554005B461A685C4BE2505B465A68E523DB0025
:10356400E2505A4B1A685A4BE2500433E5180123CF
:103574005B423A7853400822590833405B42034087
:10358400013A4B40002AF7D10137BD42F1D1DB4368
:10359400A360504B00211B6818009B0F8200121877
:1035A4004B41002192185B414B4880185941002936
:1035B40029D1FA23DB02984225D2802080000126FB
:1035C400464B1860464B1E70BFF35F8F4046E622A1
:1035D400F630FF3021000003D200FEF7EFFF002891
:1035E40017D1424696403F4B1A8A164342461E82E2
:1035F4009A73FFF78DFD00280BD1F0BCBB46B24691
:10360400A946A046F8BDFA220023920009F02EF93B
:10361400D5E70420F1E7C046E0DE012033505344EF
:1036240074F2012074CC01204C050000B8E701209D
:1036340054050000E8C8012004C9012010C9012074
:103644007C0500007D0500007E050000D1E7012017
:103654009C57012084050000985701205C570120E5
:103664008C0500008D0500008E05000030CE012081
:1036740094050000A0E40120C8E401202406000011
:10368400AC5701202C060000DCBE02200C07000011
:1036940018CF0120785701207C5701201107000022
:1036A4002083B8EDCCE70120120700007A570120EF
:1036B40013070000805701201407000015070000BD
:1036C400160700001C07000024070000A057012073
:1036D4002C07000034570120E703000054D70120D1
:1036E400DFE70120A4CA0120F8B5CE46474604000E
:1036F40080B5FFF7EBFD334B99461B8AE340DB07AC
:1037040057D5314BE5182D03304B2A689A4253D1D3
:10371400EB88A34250D1E623DB0098462E00012318
:1037240001272B480C36A8445B42327853400822C8
:1037340059083B405B420340013A4B40002AF7D111
:103744000136B045F1D1DB43AA689A4234D14B46E5
:10375400D97B28004B1E9941C9B2FFF711F9280003
:10376400FEF7ACFF1B4B18680AF0EBF8051CFEF7DC
:10377400F7FC281CFEF75CFCA0220021120216486C
:103784000AF0D0FC05F0D4FF144B1A78904207D00D
:103794001870013843425841C0B202F0D9F840BF12
:1037A4004B469C73FFF7B4FC0020C0BCB946B0463E
:1037B400F8BDFEF7FFFFD5E70022094B03201A707E
:1037C400F3E7C046A4CA0120F50101003350534475
:1037D4002083B8ED34570120B4F70120BCE7012061
:1037E400DFE70120030010B50120092B02D81800DF
:1037F400FFF79AFD10BDC046030010B50120092B48
:1038040002D81800FFF770FF10BDC046F8B5CE46C9
:103814004746040080B50120092C03D9C0BCB94631
:10382400B046F8BDFFF752FDBFF35F8F01200AF0E9
:10383400BDFF0025002803D0EFF30583002B4ED0F5
:10384400EFF3108672B620008021F630FF300003BB
:103854004901FEF7ABFE86F31088002D66D1354D85
:1038640035482968890006F0D7F82A68334B344D67
:103874001A60296800230A00890F900080185941B2
:103884000023001849412F4A80185941002920D1AA
:10389400FA23DB0298421CD28020800001273A00E0
:1038A400A240294B294E18609946294B60011F708C
:1038B4009846338A1830934300212022801933829A
:1038C4000AF030FCFFF724FCB37BA3420BD00020AA
:1038D400A4E7FA220023920008F0C8FFDEE70AF00A
:1038E40033FF0125ACE7F0234A465B0013604346EF
:1038F4001F70BFF35F8FFEF75DFF28680AF021F8A1
:10390400041CFEF72DFC201CFEF792FB05F010FFB3
:10391400104B1A788242DAD0187001384342584169
:10392400C0B202F015F840BF002077E70AF016FF96
:1039340095E7C04614CF012094AE02206CCC012040
:1039440034570120E703000054D70120A4CA012002
:10395400DFE70120BCE7012070B504000D00012061
:10396400092C0BD86401FFF7B1FC2100044C183179
:103974002022280009190AF0DBFB002070BDC04694
:10398400A4CA012070B504000D000120092C14D82C
:10399400FFF79CFC640109481834241820220021F4
:1039A40020000AF0BFFB1F22290020000FF08CF832
:1039B400FFF7AEFB431E9841800070BDA4CA0120EE
:1039C400F0B5C646804600B516001D000F00FFF78F
:1039D4007DFC4246084C238A1380237B069A3B7065
:1039E400637B3370A37B2B70E37B1370A37C079AF8
:1039F400137080BCB846F0BDA4CA012070B50400A1
:103A04000D000120012C01D8092900D970BDFFF750
:103A14005DFC044B1C735D73FFF77AFB431E9841F6
:103A24008000F3E7A4CA012010B50400631E9C4182
:103A3400FFF74CFC024BDC73FFF76AFB10BDC0467A
:103A4400A4CA01200122002382425B4110B5040074
:103A54005B421C40FFF73AFC024B9C74FFF758FB97
:103A640010BDC046A4CA012010B5FFF72FFC054BBA
:103A74001A68054B5A61FFF74BFB431E98418000BF
:103A840010BDC046A0570120A4CA0120F8B5124DAC
:103A94002B78002B02D0114B5869F8BD104A114BFA
:103AA40012689A4203D1FFF795FB0028F3D1AC22A8
:103AB4000A4E0021520030000AF034FB3000012786
:103AC400094C1F2209491830F77374610EF0FCFF8A
:103AD4002F70201CE1E7C046BFE70120A4CA0120E3
:103AE40000401F10325053440000A0C11042012076
:103AF40070B5124C2378002B02D0114B987B70BD0B
:103B0400104A114B12689A4203D1FFF763FB002855
:103B1400F3D1AC220A4D0021520028000AF002FB26
:103B240028000126094B1F2209491830EE736B61E6
:103B34000EF0CAFF00202670E1E7C046BFE701206F
:103B4400A4CA012000401F10325053440000A0C1F9
:103B540010420120584AF8B51268584B9A4228D0AE
:103B64000022574B1A70574A574B12689A4218D181
:103B740001230124554D5648564E5B422A78534042
:103B84000822590823405B420340013A4B40002A73
:103B9400F7D10135B542F1D1DB434A4CA2689A42D0
:103BA40033D0FFF793FBFFF7B3FAFEF703FE0020D1
:103BB400F8BDFFF70FFB0028D5D0474C237B012B22
:103BC4001ED0657B092D02D9657B092D1AD82A00E0
:103BD400238AD340DB070FD52800FFF7C7FA061E58
:103BE4000AD0E17B4B1E9941C9B2FEF7C9FE3000F1
:103BF400FEF764FDA573DAE7FEF7DCFDA573D6E7EF
:103C0400A57BDFE700220025E2E7E622334D002111
:103C1400D20028002E000AF085FAC422304B0C365C
:103C24002B60A38830002949D200AB800AF080FAC7
:103C3400E623DB00EF180123012425485B42327898
:103C440053400822590823405B420340013A4B4049
:103C5400002AF7D10136B742F1D1E622DB4329002D
:103C64002048D200AB60FEF7A9FC002899D1AC2211
:103C7400194D0021520028000AF054FA28001A4B6A
:103C84001F221A4918306B61EC732C820EF01CFF52
:103C940001220B4B1A70FFF73BFA002800D080E793
:103CA400FFF764FA041E00D17FE70021FEF768FEE7
:103CB4002000FEF703FD7AE700401F103250534402
:103CC400BFE7012000F01F10315053440CF01F10C7
:103CD4002083B8ED2CF61F10A4CA0120B0D7012010
:103CE4003350534400501F000000A0C1184201206B
:103CF40010B5FFF7EBFA064B0922987B00238242AA
:103D04005B415B421840FFF70FFB431E984110BD17
:103D1400A4CA012010B5FFF7D9FA0B4B0922987BEE
:103D2400002382425B415B421840FFF7DDFC002820
:103D340007D00338431E984101234042984303307F
:103D440010BD0020FCE7C046A4CA012010B5FEF750
:103D540031FD10BDF0B54646D6464F46C0B50E00FF
:103D6400FE2104008905101C151C09F0C3FD002860
:103D740000D0694D317A022922D84B00674A5B187A
:103D84009B009958D3185A689B688846181C0021D0
:103D940091469A4609F0B4FD002818D0002000216D
:103DA4002060404609F0ACFD002828D00020002106
:103DB4006060484609F0A4FD002837D0002045E0A3
:103DC400FE239B059946564B9A46564B9846002728
:103DD400281C391C09F094FD00286AD1291C50467E
:103DE40009F051FD011C504809F039FD09F04CFE61
:103DF40000212060404609F083FD0028D6D100212F
:103E0400281C09F07DFD00285AD14146281C09F0E0
:103E14003AFD011C444809F022FD09F035FE6060BA
:103E24000021484609F06CFD0028C7D10021281C58
:103E340009F066FD0028C1D14946281C09F023FD7C
:103E4400011C394809F00BFD09F01EFE374B75695A
:103E5400E360374BA06037496361281C09F04AFDD1
:103E6400002830D0334DE56175680021281C09F025
:103E740041FD002836D13049281C09F051FD0028A5
:103E84003CD02E48F56820610021281C09F032FD41
:103E9400002831D12A49281C09F042FD002800D00D
:103EA400274D00232562A361E0BCBA46B146A8466B
:103EB400F0BD40462760391C09F022FD002829D1B5
:103EC40000206060C2E70021281C09F029FD0028B9
:103ED400C9D00025E56175680021281C09F00AFD98
:103EE4000028C8D0FE20F568800520610021281C28
:103EF40009F000FD0028CDD00025D2E70E49281C8A
:103F040009F0ADFC0F4909F0BEFCFE21890509F05A
:103F1400A3FCB7E7381C82E70080BB472842012096
:103F2400CDCC4C3ECDCC4C3D8E5D13C00000A0C129
:103F34000000C0400000C0C20000C8420000A04110
:103F440000000C420000984110B50021044A04000E
:103F54000AF0E8F880235B05E360236110BDC046E6
:103F6400181E0000F0B5DE4657464E464546E0B5FD
:103F74008BB00791FE2101908905101C069209F06F
:103F8400B9FC002801D0124B0693019C1149201C56
:103F940009F0B0FC002800D0AEE20F49201C09F063
:103FA400BFFC002801D00C4B01930C4B1A78012361
:103FB4009B1ADBB21A000993B7231B015343084A27
:103FC4009B189A4608933C235B425446029382E131
:103FD4000080BB47000020420000C842B4E7012033
:103FE400B4970220F449281C09F04DFC011C8046BA
:103FF400F24809F0BDFEF24909F02BFCF14909F041
:1040040042FCF14909F028FCF049051C09F072FC56
:10401400002800D0ED4D281C09F0A0FEEC4909F061
:1040240032FCEC4909F015FCEB4909F015FCE249B6
:10403400051C301C09F027FC011C071CDF4809F093
:1040440097FEDF4909F005FCDE4909F01CFCDE4956
:1040540009F002FCDD49814609F04CFC002801D03E
:10406400DA4B9946484609F079FE01998146301C9D
:1040740009F0EFFBD649061C484609F004FCD54973
:1040840009F0E7FBD44909F0E7FB291C09F0E1FB3F
:10409400311C09F0DEFBD149051C079809F0DFFB50
:1040A400011C8146281C09F0EEFB4146051CC3484F
:1040B40009F05EFEC24909F0CCFBC24909F0E3FBFA
:1040C400C74909F0C9FBC149804609F013FC00281F
:1040D40001D0BE4B9846404609F040FEC14909F064
:1040E400D2FBC14909F0B5FBBB4909F0B5FB391C4A
:1040F4008046B24809F03CFEB14909F0AAFBB14937
:1041040009F0C1FBB64909F0A7FBB049071C09F047
:10411400F1FB002800D0AD4F381C09F01FFEB14957
:1041240009F0B1FBB04909F094FBAB4909F094FBE9
:10413400414609F08EFB311C09F08BFB011C4846FB
:1041440009F0A1FB470003906800A84940087F08D4
:1041540009F0D0FB002800D0DCE0A5492075281C1C
:1041640009F07DFB011C954809F002FE0699051C27
:10417400A04809F074FB061C09F074FC8346301C4B
:1041840009F05EFC8146281C09F04AFCFE218246A7
:104194008905281C09F060FBFE21061C8905281CE2
:1041A40009F057FB011C0490484609F06CFB80465B
:1041B400011C301C09F04DFB8F490590584609F04D
:1041C4004EFB51468346504609F046FB011C5846B7
:1041D40009F059FB311C8246484609F054FB41461C
:1041E4008146301C09F038FB011C8346504609F017
:1041F40033FB5146061C059809F02EFB291C09F0D7
:1042040042FB311C09F02BFB9B21C90509F03BFB48
:1042140009F0BEFB291C2060281C09F01DFB49463F
:104224008046049809F015FB011C404609F02BFB5D
:10423400311C09F014FB9B21C90509F024FB09F08A
:10424400A7FB51466060059809F003FB291C09F09F
:104254001AFB311C09F003FB9B21C90509F013FB70
:1042640009F096FB4946A060049809F0F5FAC021CC
:10427400090609F008FB311C09F0F1FA9B21C90574
:1042840009F001FB09F084FB5146E060584609F04F
:10429400E0FA311C09F0E3FA9B21C90509F0F3FAAD
:1042A40009F076FB51492061381C09F023FB2C23CB
:1042B400002840D00122E25480235B05A36100233F
:1042C400E36123626362A362029B3034013302938D
:1042D400012B00D103E1029809F038FB019909F0A0
:1042E400BBFA4649061C09F005FB002800D0434EE2
:1042F400019D311C281C09F0FDFA002800D02E1C59
:10430400019D311C281C09F0FBFA002800D169E644
:10431400002703970123237580235B052360002373
:1043240032496360A360E3602361381C09F0E2FA58
:104334002C230028BED1E0542D49039809F08FFAAC
:10434400011C1E4809F014FD0699051C2C4809F0AF
:1043540086FA061C09F086FB8346301C09F070FBC4
:104364008146281C09F05CFBFE2182468905281C35
:1043740009F072FAFE21061C8905281C09F069FA65
:10438400071C011C484609F07EFA8046011C301CBB
:1043940009F062FA18490390584609F060FA514648
:1043A4008346504609F058FA011C584609F06BFA46
:1043B400311C8246484625E0CDCCCC3C000020414F
:1043C4003333933F1479923B3EEAA441FFE6DB2E5C
:1043D400682FB941CDCCA0420000BC420000C842C5
:1043E40034AE5A3CEFE3044266668E410AD7233C5E
:1043F4000000204263149D44F4FDB43F0000A0413A
:104404001D43134709F03FFA41468146301C09F029
:1044140020FA011C8346504609F01EFA5146061C38
:10442400039809F019FA291C09F02DFA311C09F036
:1044340016FA9B21C90509F026FA09F0A9FAC02148
:10444400A0610906281C09F01EFA49468046381C5A
:1044540009F002FA011C404609F015FA311C09F072
:10446400FEF99B21C90509F00EFA09F091FA5146AB
:10447400E061039809F0EDF9291C09F004FA311CF4
:1044840009F0EDF99B21C90509F0FDF909F080FA5D
:1044940049462062381C09F0DCF9011C09F0DCF9FA
:1044A400311C09F0DCF99B21C90509F0ECF909F08C
:1044B4006FFA51466062584609F0CBF9311C09F095
:1044C400CEF99B21C90509F0DEF909F061FA029BD6
:1044D400A062013302933034012B00D0FBE6084B79
:1044E400099A1A70074B089A1A600BB0F0BCBB46C5
:1044F400B246A946A046F0BD034B019355E5C0461C
:10450400B4E70120ACCD012000002042416E10B57B
:104514000400002904D0806C0BF0F4F900236366D6
:104524000023A36602E0A06C0BF0ECF90021A06C60
:104534000BF0FEF9011EF6D1207710BDF0B5DE4672
:1045440057464E464546E0B585B0EFF3108A72B63D
:1045540000239846A0230027734EDB05BB460025A5
:10456400994637003B78012B5CD0704B5C59002C8A
:104574003AD0A36C002B37D0237C002B00D0A4E0CE
:10458400A3796179002B00D09AE001238B40684A1B
:1045940013604846674A89018350674B80229C46D2
:1045A400520461440B681E0016401342FAD1A168FC
:1045B400002903D0A06C0BF0F3FAA6602000FFF7EB
:1045C400A5FFA3796279002B00D188E00123494635
:1045D40093405A4A8B505A4A13605B466A469B0082
:1045E4009C5001239C46E34404350137082DB9D17E
:1045F4005F46002F00D07FE04346002B00D076E0DA
:10460400504C51482168890005F006FA22684F4B46
:104614001A608AF3108805B0F0BCBB46B246A946BE
:10462400A046F0BD4A4B5C59002CDDD0A06C00289C
:10463400DAD0237D002B71D1A3796179002B60D16D
:1046440001238B403A4A13604E463A4A8901B350DB
:10465400394B80229C46520461440B681E0016406C
:104664001342FAD1E168002903D00BF099FAA06C47
:10467400E660616E002904D00BF044F90023A06CBD
:1046840063660023A36603E0A06C0BF03BF9A06C07
:1046940000210BF04DF9011EF6D1A3796279002BAC
:1046A40034D0012349469340244A8B50244A136052
:1046B40043469A0002ABD45001239C46E04493E75E
:1046C40001238B40234A136063E7002120000AF092
:1046D400F9FBA3796179002B00D156E7F0E70123B8
:1046E400494693401C4A8B501C4A136075E7414667
:1046F40002A80BF0BDFE83E7594668460AF01AFC8F
:104704007AE701238B40134A13609DE7012349464E
:104714009340114A8B50114A1360C9E720000021CD
:104724000BF070FDA06C87E718CF0120B0BE02200B
:1047340004340050440400000C0000501C04000029
:104744001424005014CF012094AE02206CCC01201C
:104754002CDE0220143400500C0400000424005009
:10476400F0B54E464546DE465746E0B58DB00600E8
:104774000D000490002817D008AC02222000BC4988
:1047840009F0D6FC238806AA9381F30719D406AB53
:104794001B7B049A92070ED422789A4217D106AB57
:1047A4005A7B63789A4212D10DB0F0BCBB46B24634
:1047B400A946A046F0BD6A78012AEDD806A94A7335
:1047C400EAE72B78012BE2D806AA1373E1E7012369
:1047D400A84A1370BFF35F8F052005F051FB002139
:1047E4000690052005F03AFB06AB1B7B012B00D19C
:1047F4001AE206AB5B7B013B5A4253415B00013B2F
:10480400079303F09DFE9C4B1B78022B00D1CCE157
:10481400F0229A4B52001A60994BE03AFF3A1A7010
:10482400BFF35F8F00210C2005F018FB00210B2043
:1048340005F014FB934B80259A46A023DB05A04684
:1048440000269B4603946D0443461B78012B00D13C
:10485400D8E053469F59002F2FD0BB6C002B2CD08F
:104864003B7C002B00D07EE1BB797A79002B00D011
:104874005CE10123934084490B60594683489201CB
:104884000B50834B9C4662441368190029402B4209
:10489400FAD18946B968002900D1DEE0B86C0BF082
:1048A4007FF94B46BB60BB797A79002B00D0D9E005
:1048B400012359469340774A8B5001239C46043682
:1048C400E044082EC0D1744F53468025D346B946E0
:1048D400BA4609AE05936D04039B32781B789A425D
:1048E40006D0012B00D0EBE0534618680BF08EFE87
:1048F400039B06AA0133039304239C46E244E34446
:1049040094460A3301366344B342E5D100250C22B0
:10491400624B4F469846624B624E9A46635D994697
:1049240006AB9B185B5D012B38D04B46012B00D1A5
:1049340052E1059B04360433059301239C46043756
:10494400E044012D21D10222494809A909F0F0FBD4
:10495400474B1B78012B00D10AE1454B5B78012BB7
:1049640000D105E100200CF0A7F8FFF7E7FDBFF345
:104974005F8F00233F4A1370069B002B00D026E173
:104984000499494809F056FD0EE701250C22635DA0
:10499400994606AB9B185B5D012BC6D1079B5B1B3D
:1049A4005A425341DBB203934B46012B00D1C7E07B
:1049B40043461B780AAA13703C4B51461B7838684F
:1049C40053702B000833937000239B46137153716B
:1049D400039BD57093710BF0FFF95B46316838681F
:1049E4000022009310330BF0ABFB4B46012BA0D1FC
:1049F400079BAB4200D11AE12D4A29002D4809F04A
:104A040019FD96E7244B9F59002F00D155E7BB6C45
:104A1400002B00D151E73B7D002B00D0FFE0BB7998
:104A24007A79002B00D1F0E00123934022490B60F6
:104A34005946164892010B50154B9C466244136824
:104A4400190029402B42FAD18946F968002904D07B
:104A5400B86C0BF0A5F84B46FB60BB797A79002B58
:104A640000D125E7012359469340144A8B5024E78B
:104A740018CF0120D6E70120BCE7012054D701203C
:104A8400DFE70120B0BE02200434005044040000DB
:104A94000C0000500C0400002CDE0220AC57012056
:104AA4002C570120BCBF0220AC42012078570120C2
:104AB4004C42012064420120143400501C040000C4
:104AC4005B461F68002138000AF0FCF9BB797A794B
:104AD400002B30D10123934056490B60A021564846
:104AE400C9050B50554B92019C466244136819004A
:104AF40029402B42FAD18846B968002904D0B86C01
:104B04000BF04EF84346BB603800FFF7FFFCBB795F
:104B14007A79002B54D00123A0219340484AC90537
:104B24008B50397938680AF0DBFCE1E601239340C5
:104B340044490B60A1E60123934042490B60CDE751
:104B44003B689B469B6C002B05D05B46039A5B7AC3
:104B5400934200D1EDE65B461B7D002B5AD15846AB
:104B64000BF054FD24E7002138000AF0ABF97BE692
:104B7400354B1B78002B00D1F7E6344C344B2168BD
:104B8400344D994209D980232A885B009A4204D182
:104B9400803B31482B8009F04DFC01200BF08CFF49
:104BA400206829880BF0AEFFDFE62C4B02E05A7830
:104BB400002A02D11A78002AF9D1BFF35F8F27E6C1
:104BC4000123A0219340264AC9058B50A9E701215E
:104BD400052005F043F9D3E6059B1B68197918688D
:104BE40099460AF065FC4346484619780AF0EEF8FF
:104BF4004B4648469A6C31684C300AF0CBFF6C2225
:104C04000021386809F08EFA93E60123934009499C
:104C14000B600DE7002158460BF0F4FA9FE70021E2
:104C240038000BF0EFFAFAE600230793E9E50D4AA2
:104C3400E3E6C04604340050440400000C00005075
:104C44001C04000014340050CCE701203457012028
:104C5400FF7601007A5701207C4201203CC90120E3
:104C64000C0400005842012070B503F069FC244B89
:104C7400782218680021002308F0CEFD0023214A81
:104C840080185941002916D11F4B984213D8F0209F
:104C94001E4B40001B78022B16D001221C4B1860BF
:104CA4001C4B1A70BFF35F8F1B4B1B78002B16D164
:104CB40003F046FC70BDFA220023920007F0D6FDF3
:104CC400124B1B78022BE8D1144B02E05A78002ACD
:104CD40002D11A78002AF9D1BFF35F8FDDE705F01E
:104CE4009FFE0F4E04000D0003E0B042E0D803F035
:104CF40027FC05F095FE001BA9410029F5D0D7E754
:104D040034570120E7030000FF520700BCE70120ED
:104D140054D70120DFE70120E7E701203CC9012047
:104D24002F750000F0B5D6464F464646C0B519204B
:104D340082B004F09FFFD024802324069B04636286
:104D44000C2006F039FA0A2005F09EFE0122052106
:104D54005A4804F0F7FE172004F08CFF80231B044C
:104D640063626361564B1121186809F02DFD882296
:104D7400544B52011A6004F0EDFC534804F042FE17
:104D8400FA22524B920018689946810C0023800342
:104D940007F06CFD4E4B18601A684E4B1A60FEF714
:104DA400D9FEEFF3108472B64B48FDF7D9F94A489F
:104DB400FDF73EF984F31088484B002498461E0002
:104DC40000236A46464F9A463B5D0432454D1355CF
:104DD400012B5FD028683278C3799A420AD0002127
:104DE4000AF070F83178286809F0F0FF012128688A
:104DF4000AF068F804350136012C44D100233B70D5
:104E04007B705346002B4BD1374B334A1868374BD2
:104E14001968FFF7A7F8364B1B78002B08D0354BE1
:104E24001B68002B04D04B46988800B203F054FB57
:104E3400314C294A21003148FEF78CFF3048FFF7F6
:104E440083F80122237853402E4A137043469878FE
:104E540000F0B2FDC8232C4AD35C002B25D1B42129
:104E6400A033D35C525C134326D1284A002013702C
:104E740000F06EFD264809F01BFC02B0E0BCBA4607
:104E8400B146A846F0BD01246A463B5D0432135581
:104E9400012B9FD1A34052461A43D3B29A46A9E7A5
:104EA400504601A9FFF75CFCAEE70122174B012035
:104EB4001A7000F04DFDDDE70223D6E700808D5B1C
:104EC400F45701200000034094AE0220345701201F
:104ED40014CF01206CCC01200080BB47AC570120CB
:104EE40018CF0120B0BE02209C5701209857012002
:104EF400D1E70120ACCD012080570120B8BE0220AB
:104F0400C4BF02207D57012030CE0120BCE7012020
:104F1400715A0020F0B5DE46574645464E46E0B588
:104F240019208FB004F0A6FED02380221B06920421
:104F34005A6204215A61A248022204F003FEFFF7D8
:104F4400F1FEFA200121400106F056F99D4B9E4DD9
:104F540098469E4B9E4F9A469E4B9B4606F042F9BE
:104F640003F0EEFA9C4B1B78002B6BD19B4B1B7808
:104F7400002B00D087E09A4B1B78002B00D0A1E0D7
:104F8400984B1B78002B00D0B0E0974B1B78002B7C
:104F940000D0BFE0954B1B78DCB2002B00D0CBE0F7
:104FA400934B1B78002B00D062E1924B1B78002BB3
:104FB40000D0B6E1904B1B78002B00D0D6E18F4B8C
:104FC4001B78002B00D0E8E18D4B1B78002B00D020
:104FD400FFE18C4B1B78002B00D01CE28A4B1B7822
:104FE400002B00D05AE2894B1B78002B00D06DE2D5
:104FF400874B1B88002B00D086E2864B1B78002B46
:1050040000D018E3844B1B78002B00D076E3834B4D
:105014001B78002B00D081E3FA223B689200013315
:105024003B6093429AD3002380223B60D0239204B6
:105034001B06DA6106F0D6F803F082FA664B1B7899
:10504400002B93D0EFF3108672B6754B202275496E
:1050540006A81C7809F06CF800235F4A137086F3E5
:105064001088FFF701FE200006A9FEF78BFC021E44
:1050740000D17BE721006C4809F0DCF9574B1B7821
:10508400002B00D177E7EFF3108372B6674A5349D8
:105094001478674A167800220A7083F31088FFF7A1
:1050A400E3FD31002000FEF7A9FC031E00D162E7F6
:1050B400320021005F4809F0BDF9494B1B78002BF1
:1050C40000D15DE7EFF3108372B65B4A444914786C
:1050D40000220A7083F31088FFF7C6FD2000FEF754
:1050E400A3FC404B1B78002B00D14EE7EFF3108359
:1050F40072B6524A3B49147800220A7083F310882E
:10510400FFF7B2FD2000FEF79DFC374B1B78002B08
:1051140000D13FE7EFF3108372B6002232490A70E0
:1051240083F31088FFF7A0FDFEF79EFC2F4B1B783E
:10513400DCB2002B00D133E71022414906A808F065
:10514400F7FF0023294A06A9137002AB1E7C5B7C7F
:1051540072009C46029390193A4B800060449C462E
:10516400000103926044102208F0E2FF331F012B78
:1051740000D84FE3EFF3108972B64346186808F07D
:10518400E0FB039B021C9C46029B66449C462E4B00
:10519400B10061449C464901614406A8FCF794FCB3
:1051A40002AB197C294B5A5C002A58D026484B0084
:1051B40084465B18DB011C33002063444CE0C0468A
:1051C40000808D5B345701203CC9012014CF01209D
:1051D400A8CD012054D70120C7E70120CAE7012048
:1051E400C3E70120C5E70120C2E70120C0E7012091
:1051F400E1E70120D2E70120BEE70120CFE701204B
:10520400E6E70120DEE70120E2E70120E0E70120F4
:10521400B0E70120C1E70120D5E70120B7E701206D
:10522400C8E70120E0DD0220D0420120C9E70120C7
:10523400CBE70120F8420120C4E70120C6E70120A2
:105244001CDE022074F20120F4E70120145701202F
:1052540001302033904202DA1C78002CF8D1B64B8E
:105264005C5489F31088B54B1B78002B00D19CE665
:10527400B34BB24A1C680023137003F061F9B14BBD
:105284009C4200D1ACE2B04B9C4200D1A8E2AF4AB0
:10529400944200D1A4E2C0201C004003AC4BAD4AB0
:1052A4001C600023137000220023AB490A604B608A
:1052B400534618601B68A94AA948136053461968E5
:1052C400890004F0A9FB5346A44A1B68200013601C
:1052D40008F037FBFCF744FF0123A24A20001370B7
:1052E400A14A1370A14A137000F038FB20000BF0A0
:1052F400B7FA9F4B1B78002B00D156E6924B9C4289
:1053040000D0ABE29B4B198880235B00994200D10B
:105314009DE220000BF0F6FB924B1B78002B00D192
:1053240048E600238F4A1370934B1C68934B1E6806
:105334004346186808F005FB311C021C201CFEF7CC
:1053440011FE8F4B1B78002B00D133E68D4B1B686D
:105354000293002B00D12DE64346988800B203F057
:10536400BBF8814B1B78002B00D128E600237E4A32
:1053740013704346186808F0E4FA8349021C834812
:10538400FCF764F80122804B1B785340804A137069
:10539400764B1B78002B00D116E60024734B1C704F
:1053A4004346186808F0CDFA7A49021C7A48FEF799
:1053B400D1FC7A4B1B78002B00D042E20122754BC2
:1053C4001B785340764A1370764B1B78002B00D120
:1053D400FFE50023734A1370BFF35F8F03F0B0F847
:1053E40004F092F9704B1B78022B00D1F2E1F02308
:1053F4005A465B0013606D4AE03BFF3B1370BFF3FA
:105404005F8FFFF79BF86A4808F0B8FF694B1B7879
:10541400002B00D1E2E50023664A1370BFF35F8FCF
:10542400654B1E785B78994603F08AF85E4B1B78CF
:10543400022B00D1E8E1F0235A465B0013605B4A7B
:10544400E03BFF3B1370BFF35F8F5C4B1878C0B237
:10545400FEF7D2F9464B1B78002B00D021E2564BC5
:105464001B78B34200D112E2534B5C784B46E41AEA
:10547400631E9C416400013402224F4906A808F0CF
:1054840057FE4A464C4B20001E705A7006A9FFF77F
:1054940067F94B4B1B78002B00D1A4E50023484A45
:1054A4001370BFF35F8FFFF7DFFBFEF721FC0400EF
:1054B400FFF744F8002C00D195E52100414808F09D
:1054C400B9FF414B1B78002B00D191E500233E4AE4
:1054D4001370BFF35F8FFFF7C7FB3C4B1878C0B264
:1054E400FEF780F90400FFF729F8002C00D17FE5CE
:1054F400364B220019783648C9B208F09BFF354B69
:105504001B88002B00D178E5EFF3108372B6314A83
:10551400304916880022B6B20A8083F31088264BDD
:1055240000241B780293244B5B780393FFF79CFBC6
:105534000123994653E0C046ECE70120E1E701204E
:10554400B457012080BB00000077010044AC000088
:105554002C570120E7E7012010B101206CCC012079
:1055640094AE0220D2E70120BEE70120CFE701205C
:10557400CCE701207A5701209C570120985701203D
:10558400D1E70120ACCD01205C57012000DE0220D0
:105594005857012080570120B8BE0220CEE70120D1
:1055A4007D570120E6E70120BCE70120DFE7012069
:1055B4002C430120DEE7012018CF0120DCE7012085
:1055C400E2E7012054430120E0E70120DDE7012068
:1055D40078430120B0E7012001340A2C0AD03300BB
:1055E4004A46E3401A42F7D0E0B20134FEF70EF91E
:1055F4000A2CF4D1C54B029A1B78934200D130E1B6
:10560400C24B5C78039BE41A631E9C416400013422
:105614000222BE4906A808F08BFDBC4B029A20006A
:105624001A70039A06A95A70FFF79AF8B84B1B78B8
:10563400002B00D1E6E40023B54A1370BFF35F8F5B
:10564400B24B1C785E7802F07BFFB24B1B78022BC6
:1056540000D1D0E0F0235A465B001360E03BFF3BEF
:1056640099464A46AC4B1A70BFF35F8FFEF76EFB48
:105674004346186808F065F9FCF772FD434618685C
:1056840008F05FF9FCF7D4FC4A46A44B00211A70D9
:10569400A34BA4481A70A022120208F043FD04F0A0
:1056A40047F89C4B1B78834208D09A4B18700138FA
:1056B40043425841C0B200F04BF940BF934B1B78B2
:1056C400A34200D1D8E0914B5B789B1B5A1E9341B7
:1056D4005B00994601239C46E14402228B4906A8BB
:1056E40008F026FD894B48461C705E7006A9FFF73A
:1056F40037F88D4B1B78002B00D188E48A4B8A4AFB
:1057040018780023C0B21370BFF35F8F8749FFF787
:1057140027F8874B1B78002B00D17DE40023844AB3
:10572400137002F00DFF7B4B1B78022B49D0F02342
:105734005A465B001360784AE03BFF3B1370BFF3AB
:105744005F8F02AA94460E33634401930E2363448D
:1057540000930B210D236144634406A805AAFEF7B8
:105764002FF902AB997B73484B1E9941C9B2FBF7E1
:105774006BF8002800D04FE44346186808F0E1F8BD
:10578400041CFCF7EDFC201CFCF752FC6A4B1B7854
:10579400002B00D095E003F0CBFF5E4B1B788342D7
:1057A40001D1FFF739FC5B4B187001384342584173
:1057B400C0B200F0CDF840BFFFF72EFC6B78002B91
:1057C40002D12B78002BF9D1BFF35F8FAFE76B7851
:1057D400002B02D12B78002BF9D1BFF35F8F06E6A3
:1057E400FA220023A10CA003920007F03FF855E52C
:1057F4006B78002B02D12B78002BF9D1BFF35F8F8C
:1058040028E76B78002B02D12B78002BF9D1BFF35A
:105814005F8F10E63F4B1B78022B00D0AAE42B7855
:10582400002B05D06B78002B02D12B78002BF9D1FB
:10583400BFF35F8F02AB1E7C5B7C02937300039308
:1058440098E43E4B3E481C70FEF77EFBB6E53D4AAD
:10585400803B21003C48138008F0ECFD394B19884B
:1058640057E52A4B039A5B780224934200D0CFE693
:10587400FEF764FEFFF7C1FB0222244B91465B78DE
:10588400B34200D029E7FEF759FEFFF7BBFB1F4BDD
:1058940002245B784B4500D0EEE5FEF74FFEFFF7A0
:1058A4009DFB4346294A1B68934221D9254A118806
:1058B40080225200914214D0434618680BF022F91A
:1058C400CDE54346214A1B6893421BD91D4A1188E2
:1058D4008022520091420ED0434618680BF012F910
:1058E40059E71849803A0A801748190008F0A2FDC0
:1058F400144B1988E0E71349803A0A8012481900CA
:1059040008F098FD0F4B1988E6E7C04618CF012030
:10591400C1E70120BCE70120DFE70120D2E7012035
:10592400BEE70120B4F70120D5E70120DCDD022029
:10593400B7E70120B0AE0220CCE70120CEE701207A
:10594400C4BF02207A5701207C420120FF76010067
:10595400014B187040BF7047D8E7012070B50400B0
:10596400052005F0D3FB07F0ECFF051C200207F02F
:10597400E8FF011C281C07F072FF051C08F03AF828
:1059840084B20023002C0ED0200007F0DAFF011CA3
:10599400281C07F05EFF8721C90507F074FF08F093
:1059A40029F8C3B21B0224041C43C823014AD4505F
:1059B40070BDC046000030508022F0B53C4E3D4DD5
:1059C4008BB030709201AA21280008F0ABFB3A4951
:1059D4003A4809F095FD0023099380235B0206935E
:1059E400F8235B020793C0230400354F10221B03E6
:1059F400386006A902A8089308F09AFBE30124037F
:105A04001C43802330785B03034305932D4B07210C
:105A14000394049304F0D2F8012332780021274838
:105A2400009309F077FE02AB3A680021234809F09D
:105A3400C9FE052005F06AFB07F083FF224907F041
:105A44000EFF061C07F0D6FF84B20023002C0ED0F4
:105A5400200007F076FF011C301C07F0FAFE8721B6
:105A6400C90507F010FF07F0C5FFC3B21B02C82227
:105A7400012124041C43114B01209C501A680A4341
:105A84001A6009F08BFCA021C9058C460F4BC20299
:105A940018600F4B0F4913400F4A1A4383016344A4
:105AA4001D605960012149429960DA600BB0F0BD74
:105AB4001B57012000800120A0430120000030502A
:105AC40030CF012000000E400080BB4B1C5701204A
:105AD400FD7F00FF10003050590304000123F0B58E
:105AE400C6463D4900B50A6806009A430A603B4A27
:105AF400A02012683A499340C0054350394B802195
:105B04009C4692018AB06244490413681C000C400C
:105B14000B42FAD1344B0125984618781F2104F022
:105B24004DF843462A001B7807219A40D0231B06D0
:105B34009A62300004F042F8012332000021264822
:105B4400009509F0E7FD80235B020693F8235B02CE
:105B54000793C02310221B0306A902A808930994E3
:105B640008F0E6FA214B1C481A681103D3010B43D1
:105B7400039380235B03334305931D4B002104935C
:105B840002AB09F01FFE052005F0C0FA07F0D9FEAC
:105B9400184907F064FE071C07F02CFF85B2002D9E
:105BA4000ED0280007F0CDFE011C381C07F051FE72
:105BB4008721C90507F067FE07F01CFFC4B2240261
:105BC400C823054A2D042C43D45043461E700AB002
:105BD40080BCB846F0BDC046000030501C570120C0
:105BE400440400000C0000501B57012030CF01205A
:105BF40000000E400080BB4B30B50D4D0D4A2B7894
:105C040012780133DBB283B09A420CD06C462A7806
:105C14002171D100084A0090521803CC03C22B70A2
:105C240040BF03B030BD054A136801331360F8E781
:105C3400D9E70120DBE7012034CF012034D701204C
:105C44000C4B1B78002B13D00B4B1B68002B0FDB6A
:105C54000A4A9B011068A022D2059B58084A9B1A45
:105C64009B08C01A4005430D64205843C00A00E055
:105C740000207047D8E701201C5701203CD70120A1
:105C840000800120044B1878044B1B78C31A64204D
:105C9400DBB25843000A7047D9E70120DBE7012053
:105CA400F0B5DE4657464E464546E0B58FB008F09F
:105CB40025FDDA4B1B78DAB2012B0BD0022A00D176
:105CC40050E20023D64AD37320BFD44B1B78DAB2F8
:105CD400012BF3D1002300269B4600240025B04667
:105CE4001F00039301930493089305930B93069366
:105CF4000793CA4B1B78012B00D149E1059B002B6C
:105D040000D185E3C74B1B78C64B1B78002B00D012
:105D140019E24346002B00D1ACE1C34B0A961B6841
:105D2400049E99464A46019B90010197A022D20500
:105D34001258BE498027521A59469208881A4105BA
:105D4400490DFF00B94200DC31E1B9490132FF32AB
:105D540009685205520DB64801319346B54A0160AF
:105D64001178B54A002412780025914200D1EFE25F
:105D7400B249B14A8C4612780CA9D200624481CA55
:105D840081C1AD49AC4809780C9A0131C9B201709E
:105D9400AB49896A09910599002900D121E1A54AF5
:105DA400A54812780139D2B20270802000028046E0
:105DB400089A05914A43D21290444A469001002918
:105DC40000D198E1A022D20594468822802752006F
:105DD4009A4691460300FF00584602E04A4500DA1D
:105DE400B9E16246D158914A891A8908421A520582
:105DF400520DBA42F2DD0131FF3149054A0D5346D5
:105E04009346904A0A9812689446082292468E4A0B
:105E1400424491464246029222E080231B06D3402C
:105E2400B1461843894B4D44EB1A0132E418202A39
:105E340053D15B467D4A9B00D0505B4601335B05E2
:105E44005B0D9B4601235B42B14646469846C244DD
:105E540052463000019B0291002A43D0049E0197D0
:105E64006246510351404A0C4A40510151408C460C
:105E74000399774F4A01521AD2001212A1135118F2
:105E84006246D205D20DFF3A521A03917049049228
:105E940051437204921B52019219D200921952007A
:105EA400921947431201921B92008A18D71901993B
:105EB400684AB0464A430020BF184E46002299045F
:105EC400C91A4901C9184900C918C900C918C90023
:105ED400C91889007F180299BF13E7429DD58946E6
:105EE4000023A0E76246574B1A605A465A4B1A6081
:105EF400A0224D4BD2051B6802939B019B584B4A31
:105F04009B1A5A469B08D31AFC22D200134204D18E
:105F1400524B524A1B68013313606B14ED1A63141D
:105F2400E41A474B099A9B6AFA219B1A079A89003B
:105F340094469C4463464A4A0793069B106801337F
:105F4400069306F055FC0122069B9046834200D23C
:105F5400CFE6444A07991368DA089B1A1A224A437F
:105F6400C821C9018A4200D90A00D2089B183D4AB7
:105F7400136080332A4A1B0ADBB2D37300230693CF
:105F8400079301339846254B1B78012B00D0B5E6C7
:105F9400244B1B78002B00D0CCE0059B002B00D0B9
:105FA400B2E64346002B00D0D8E020BFA1E6214A48
:105FB4001178214A1278914200D0D9E6E0210200FA
:105FC400C9000A40084200D0C2E1274926480968AE
:105FD400013101601A49896A09910599002900D0A3
:105FE400DDE6224992138A4200DA0A00110008927F
:105FF4001F4A914200DD089280220B9912019142BE
:1060040005D2089A4A43D21208924A1C0B92802164
:1060140009028C46089A62449046F2E6BCE70120E5
:106024007CCC0120D8E701201C57012000800120EE
:1060340028CF0120D9E70120DBE7012034CF01205C
:1060440000400540205701200100FFFFFFFF000032
:10605400A23D00002B7B00003CD7012024CF01206F
:10606400345701202CCF012038D70120C48CFFFFE6
:106074003C7300008022AA219201CB4808F052F818
:10608400CA4BCB4A1B780121DBB213704246C94B81
:1060940000261A60C84A0024136800250B431360C5
:1060A400C64BC1491B689946DA02C54B1340C54A21
:1060B4001A434B469801A023DB05C3181960C24953
:1060C4005960012149429960DA60A023DB051B581D
:1060D400B54A9B1A9B080133FF335B055B0D002215
:1060E4009B460023019203930A92089205920B9215
:1060F400069207921AE60122AF4F3968914339603C
:106104004946A0278A40B149FF057A50B04A802108
:10611400944649046044026817000F400A42FAD1C9
:10612400AC4A0597D773019F0193002304969846C0
:106134000A9EDEE5A84B1B78002B00D1E9E5059B00
:10614400002B00D1E5E58023059A1B019B1A0B93D4
:1061540000230593DDE58346534652E680231B0165
:106164000593C6E500239D4A13709D4A13609D4B19
:106174001B78022B00D0E5E09B4B039305E0994B81
:106184001B78022B00D094E520BF984B1B78002B82
:10619400F5D0BFF35F8F039BC0269B6A022704934D
:1061A400924BF6009C685D68DB68A0460593904BB3
:1061B4001B78DBB20693A3009B468E4B9A468E4B0C
:1061C400544601932B005B4402932378002B2FD079
:1061D4006378002B25D1069B002B05D1874ABB1C75
:1061E400D25D002A00D134E1854ABB009446DB1914
:1061F4009B00634480335A781978120211439A78C9
:10620400DB7812040A431B0613439A46059807F0E9
:106214009DFB514607F037FB07F0BAFB002800D07E
:106224004FE1AB199A465A460021504607F07AFFCF
:10623400C0239B009C46019B14348133FF33664486
:106244000193032F00D081E06E4B44461B78002B52
:1062540000D078E1002C00D171E1C023002200209D
:10626400DB00E9180B68DE179B197340984200DACB
:10627400180001320431A242F4D1564A43139BB2AE
:106284001381614B984204DD138A10221343514A4F
:1062940013829023002200201B01E9180B68DE17EB
:1062A4009B197340984200DA180001320431944279
:1062B400F4D1484A43139BB25381534B984204DDB3
:1062C400138A20221343434A1382484B58690028F7
:1062D4000CD0A0234A4A4A49D35CB4228A5C1343B3
:1062E40000D0C6E00021E20007F01CFF039B9C6A7B
:1062F4003A4B1B78002B00D1B7E0FA20434B0499AA
:106304001B68621ACD1AC0001100854200D8E11A38
:10631400334B002900D003E11B6880332D4A1B0A4C
:10632400DBB2D373394B314A1C6000231370BFF3C3
:106334005F8F2E4A0133537040BF2A4B1B78022BC8
:1063440000D122E70023234AD373B2E403273CE7B6
:10635400C022A020C021520098469446A2465B4623
:10636400C00589004A4697010CE00F4CC259121B24
:1063740092089A1A5205520D541EFF3C8C4207D8BB
:10638400624561DC094A1478094A12789442ECD0D7
:10639400064A9B461178064A54461278434691426F
:1063A40000D0E5E40022F3E400800120D9E70120D5
:1063B400DBE701202CCF0120000030501C570120C6
:1063C400FD7F00FF59030400100030504404000016
:1063D4000C0000507CCC0120D8E70120B9E7012053
:1063E400D0C80120BCE70120004005403CC9012081
:1063F400B8E70120D0CE0120F4ED0120EEE7012022
:1064040030CE0120B5E701200C010010CCC80120DA
:106414004646002E96D001226749A0200B68C0058D
:1064240093430B60654B66491B689A404250654A2A
:10643400802194469B01634449041A680A42FCD1B2
:106444000023614AD37334E420BF5C4A1268914646
:1064540088E7AA1992460198424651460DF020FC5D
:106464006378002B00D1BFE6DDE60123574A1370A1
:1064740058E7002C00D139E7C023DB00EE18902345
:106484001B019C46802100225F46514C654409044F
:10649400B35820339B11A34200DA4D4B8B4200DBEF
:1064A4004C4B0360AB5820339B11A34200DA484B9A
:1064B4008B4200DB474B043243600830BA42E7D1D9
:1064C40014E74346002B00D1B2E6031400049A46B5
:1064D400030C9C46029B51469946B1444B46A8196D
:1064E40007930994026813141204120C92460A00CA
:1064F4005A4354040894624654466243089CD20B9F
:10650400A1466446634354464C43A24653445B004D
:106514004A44D218079B04C08342E3D1099C87E60E
:106524001D6893009B1898001818800206F060F903
:10653400EA08AD1AC308284A5B191360EDE6224B3A
:106544001C815C81C1E6254B029F9C46C023DB0075
:1065540098461900C0231B0147449A46A046204888
:1065640063469C68002C14DD42461E4B1B69002ABE
:106574000FD089466E1831689A0011501A1B5205C3
:10658400D20C125801335B0504C65B0DB742F2D13D
:10659400494604239946C0239B00CC449946802352
:1065A4009B0149449946C0239B00484499464F4463
:1065B4005145D5D144464DE6000030501C570120CA
:1065C400440400000C0000507CCC0120B9E70120F9
:1065D400000080FFFFFF7F00D0C80120D4C8012045
:1065E400B43702203CC901200122014B1A707047C4
:1065F400B7E701200138022801D903487047034B4B
:106604008000C058FAE7C0468C510120E8570120A9
:1066140010B50022024903480BF0AEF810BDC04685
:1066240018B2012034E4022010B5034A0349044897
:106634000BF0A2F810BDC046B963002018B20120C7
:1066440068E402200300154A002904D01078984217
:1066540022D0012904D0507898421DD0022902D0BA
:1066640092789A4218D00E4A117801290DD05278A6
:10667400012A0AD00B4A1078002805D00A4A10785B
:10668400C01A43425841C0B27047084A1278934234
:1066940002D001329342EDD10120F5E7AC5701203D
:1066A40018CF0120CCE701207C5701207857012026
:1066B40070B50C00022925D8164B1D681960164BBD
:1066C4000ED00120102208401A7008F0BDFC0022F0
:1066D400124B1A60002C0BD1002D15D1012070BD76
:1066E400182201201A7008F0AFFC00220B4B1A602C
:1066F400002DF3D108F0AEFC0122094B1A70BFF350
:106704005F8FEBE70020EAE7064803F091F90120E8
:10671400E5E7C04630E70120D1570120C8B2012087
:10672400E6E7012094AE022010B50BF005FC002230
:106734002B4B1A7081885A79914204D35A78012AD2
:1067440004D0022A2ED00BF0A7FB10BD9B78012B9E
:106754003AD0022BF7D10368224800229A5EF02334
:106764009B019C46828001336244111CFF3312B2A8
:106774009A4231DA0AB2D243D3170B409BB21A4978
:106784001B0A5A00515EC180184909780029DAD0E1
:10679400174909680029D6D0D2181201154B8A1856
:1067A4001A60D0E79A78012ACDD103680D491B6895
:1067B40008681B021B0A9842C5D00B600E4B1A7066
:1067C4000A680E4B1A60BEE703681B785A1E934191
:1067D400044ADBB21372B6E7094B191CCAE7C04678
:1067E400C0B2012034570120CC490120D1E7012057
:1067F400ACCD01205CC90120E1E70120B4570120A0
:10680400FF3C0000F0B5CE46474680B583B00BF0A0
:1068140093FB82880400531E3F2B1FD9BF4B1B7868
:10682400423BDBB2922B12D8BD4A9B00D3589F4601
:10683400A388002B0BD0BB4B1B785A1E9341BA4A3A
:10684400DBB213740123B94A1370B94A13700BF005
:1068540023FB03B0C0BCB946B046F0BD0168B148E3
:1068640007F066FCDAE7A388002BF0D0AD4B0121DA
:106874001A78002391425B415B421A40AD4B1A7077
:10688400BFF35F8FAC4B1970E1E7A388032BDED90C
:10689400A44BAA491C68261C64006408201C07F049
:1068A40044F80028D3D1A549201C07F039F8002862
:1068B400CDD1C3252D06291C301C07F01BF8002858
:1068C40000D1C8E39E4B1D6000229E4B1A6000223B
:1068D4009D4B1A60BBE79D4B1D78012DB7D8A3884B
:1068E400032BB4D98F4B95491C68261C640064089B
:1068F400201C07F01AF80028A9D19049201C07F0A1
:106904000FF80028A3D1924BAD00EE509149301CF2
:1069140006F0A5FF011C904807F02AFA9B21C9053F
:10692400041C06F0B0FF07F033F88C4BE8508C4B96
:10693400EC508CE7A388032B00D888E7794B894D6A
:106944001E68291C301C06F0D5FF002808D100253C
:10695400301C291C06F0E4FF002801D100F0D6FB0E
:1069640001952A1C704B5A610122704B1A706EE714
:10697400A388032B00D86AE700256A4B291C1E68EC
:10698400301C06F0B7FF002807D1774D301C291CB6
:1069940006F0C6FF002800D18BE301952A1C624B48
:1069A400DA600122614B1A7051E7A388002B00D1F1
:1069B4004DE75C4B1B78022B00D948E75A4A137207
:1069C40001225A4B1A7042E7A388032B00D83EE7F2
:1069D4000025544B291C1E68301C06F08BFF002830
:1069E40007D1624D301C291C06F09AFF002800D103
:1069F40062E301952A1C4C4B5A6001224B4B1A70DE
:106A040025E7A388002B00D121E7464B1B785A1EAB
:106A14009341454ADBB2137014E74C4B1D78062DA5
:106A240000D914E7A388002B00D110E750486D016A
:106A34002D1820220021280007F074FBA3881A1CBB
:106A44001F2B00D91F222800364992B207F070FB91
:106A5400FDE6A388002B00D1F9E6324B1A78454BAA
:106A64001A70BFF35F8F0122434B1A70EFE6A388BD
:106A7400012B00D8EBE62B4B404A197811705A7859
:106A84003F4B1A70BFF35F8F01223E4B1A70DEE654
:106A9400A388002B00D1DAE63B4D2C4B20220021A9
:106AA40028001E8807F03EFBA3881A1C1F2B00D960
:106AB4001F2228001B4992B207F03AFB334B1E7089
:106AC400BFF35F8F0122324B1A70C0E61F4B1D7853
:106AD400042D00D9BBE6A388032B00D8B7E6002613
:106AE400104B311C1C68201C06F004FF002800D049
:106AF400DAE20194AB005B199A00264B01999B18CA
:106B04008433254A02351960AB009950234B186829
:106B140006F017FFFBF78CFA99E6C046E9E7012077
:106B2400A84301206CE7012080570120CFE7012012
:106B3400CEE70120C6E70120C5E70120FFFF7F7FE4
:106B4400A0570120A4570120A8570120B2E7012033
:106B540074CC01200000A0410000204170570120A6
:106B6400685701200000C0C200000C420000C84267
:106B7400DCBE0220C4E70120C3E70120C9E70120ED
:106B8400CBE70120CAE70120E0DD0220C8E70120AD
:106B9400C7E7012030CE0120E8C801203457012086
:106BA400C94B1B78042B00D951E6A288002A00D1D6
:106BB4004DE69A00D218C54B92009B18C44A79330B
:106BC40012781A7043E6C04B1B78042B00D93EE6BA
:106BD400A288032A00D83AE6BD4A9C00E318BB4CBD
:106BE40010689B00E418BB49E06706F038FE011CFE
:106BF400B94807F0BDF88034206028E6B24B1B7812
:106C0400042B00D923E6A288002A00D11FE6B04A4B
:106C140012781000411E8841C0B2002A00D033E22D
:106C2400AA499A00D3189B00CB1878331870C8234C
:106C3400CB5C002B00D039E2B422A033CB5C8A5C5D
:106C44000020134300D059E2A44A1178994200D19C
:106C5400FDE51370FEF77CFE40BFF8E5A388072B23
:106C640000D8F4E59A4B1A78012A00D9EFE559784F
:106C7400042900D9EBE54C0061181401A41A5868E2
:106C84005D886418914BA400E418924925806060E3
:106C940006F0E5FD011C904807F06AF8A060D6E50F
:106CA400A388002B00D1D2E5894B1B785A1E93414F
:106CB4008B4ADBB2537001228A4B1A70C7E5A38852
:106CC400032B00D8C3E50025814B291C1E68301C0A
:106CD40006F010FE002807D1834D301C291C06F055
:106CE4001FFE002800D1EAE101952A1C7C4B9A6022
:106CF4009B78032B00D0AAE5DDE7A388032B00D8FB
:106D0400A5E5734B794D1E68291C301C06F0F2FD75
:106D1400002807D1764D301C291C06F001FE0028FE
:106D240000D1EDE101952A1C724B1A600122724BCD
:106D34001A708CE5A388002B00D188E5644B1B787E
:106D44005A1E93416D4ADBB213701378002B00D1A5
:106D54007CE16B4B1968002900D177E1694B9A8873
:106D6400F0239B019C4612B262440133101CFF3392
:106D740012B29A4201DB644B181C02B2D243D317FD
:106D840003409BB21B0A5A00D3181B015F4ACB185D
:106D940013605CE54C4B1B78022B00D957E5A288A5
:106DA400002A00D153E54A4A1278511E8A415849B3
:106DB400D2B2CA544BE5444B1B78022B00D946E5AA
:106DC400A288032A00D842E5414A9C001068514B2E
:106DD4004049E05006F043FD011C3F4806F0C8FF5F
:106DE4008E21C905051C06F04EFD06F0D1FD4A4B67
:106DF400E0504A4BE5502AE5334B1D78062D00D967
:106E040025E5A388032B00D821E50026304B311C4F
:106E14001C68201C06F06EFD002800D042E101949D
:106E24003F4B019AAD00EA50364B186806F089FDD5
:106E3400FBF7FEF80BE5A388002B00D107E5244BF4
:106E44001B785A1E9341374ADBB21370FFE4A388C0
:106E5400032B00D8FBE41E4B334D1E68291C301C49
:106E640006F048FD002807D1304D301C291C06F0DF
:106E740057FD002800D146E101952A1C184B5A60A1
:106E84009B78032B00D0E2E415E7A388002B00D104
:106E9400DDE40F4B1B78032B00D9D8E4104A937020
:106EA4000122104B1A70D2E4A388002B00D1CEE447
:106EB400074B1B785A1E9341094ADBB21370012217
:106EC400084B1A70C3E4C046B2E7012030CE01205B
:106ED4006CE701200000A04100002041BCE7012034
:106EE4005C570120BEE701200000704100002042F1
:106EF4000000C8429C570120D2E70120D1E70120BD
:106F0400ACCD012034570120FF3C00005CC90120B6
:106F140010C9012004C901204C5701204057012009
:106F2400E8C80120B8E701200000FA430000FA4451
:106F3400A388032B00D88AE40025764B291C1E68FD
:106F4400301C06F0D7FC002807D1734D301C291CD7
:106F540006F0E6FC002800D1B4E001952A1C6F4B32
:106F64001A6001226E4B1A7071E4A388032B00D8B7
:106F74006DE4684B6B491C68251C64006408201C84
:106F840006F0D3FC002800D061E46649201C06F01A
:106F9400C7FC002800D05AE4634B64491D60281CD8
:106FA400994606F05CFC011C614806F0E1FE9B2159
:106FB400C905061C06F067FC06F0EAFC5D4B5E4F53
:106FC400186058493E60201C984606F0AEFC002824
:106FD40001D0FFF73CFC5349201C06F0A1FC00281B
:106FE40001D0FFF734FC4B4650495D60281C06F085
:106FF40036FC011C4E4806F0BBFE9B21C905041C4F
:1070040006F041FC06F0C4FC434658607C60FFF780
:107014001EFCA3880F2B01D8FFF719FC474C102244
:1070240020003C4907F084F82378062B01D9FFF7A8
:107034000EFC6378424922788A5C9A4201D8FFF7B1
:1070440006FC01223F4B1A70FFF701FC00223E4B65
:107054001A60FFF7FCFB0024301C211C06F060FCC6
:107064003A4B00283BD01C60211C314806F080FEBE
:107074008E21374BC905186006F005FC06F088FC24
:10708400344B1860FFF7E3FB042B1ED09A1E3249E1
:10709400012A00D9C5E5C8228A5C002A00D1C0E5CE
:1070A400FFF7D5FB0196BBE6019623E501200123FA
:1070B400CAE50196019A72E40196019A9BE401964D
:1070C400019A13E60196019A49E7A022B4242249C1
:1070D4008A5C0C5D224300D1A3E5FFF7B8FB1E6078
:1070E400291C301C06F00CFC002801D0FFF7ECFB37
:1070F4000E49301C06F0B3FB011CB6E70223A3E5DE
:107104000196019A10E60196019AB7E60196019A52
:10711400FFF728FC6CE70120000048439857012042
:10712400D2E70120FFFF7F7F74CC01200000A04143
:107134000000204170570120685701201CDE022006
:1071440014570120C0E701205CC90120A057012089
:10715400A4570120A857012030CE0120274B1B5CE7
:107164008000012B26D0264BC358002B20D09A6CCC
:107174000020002A1DD05169EFF3108C72B60B6801
:10718400002BFCD0BFF35F8F9369002B34D0002019
:107194005B690130002BFBD110282BD81023181A5F
:1071A4005369BFF35F8F00221A608CF3108800E0EC
:1071B40000207047134BC358002BF9D09A6C002061
:1071C400002AF6D05169EFF3108C72B60B68002BCD
:1071D400FCD0BFF35F8F9369002B0DD000205B6957
:1071E4000130002BFBD10300102800D910231020FC
:1071F400C01AD5E71020D1E71020D1E718CF01201D
:10720400B0BE02202CDE022060230A78002070B574
:107214001340202B00D070BD4B78822B4BD012D959
:10722400832B3AD0842BF6D11F231A40012AF2D1A2
:107234004B881B0A022BEED18020022140000AF069
:1072440031FA0120E7E7012B12D0812BE3D11F2370
:107254001A40012A3DD0022ADDD14B881B0A012B9A
:10726400D9D1274B032118680AF01CFA0120D2E770
:10727400CC88651E3E2DCED8224803701F231A40A9
:10728400427044718B881B0A03714B885BBA43803C
:107294001D480AF053FA0120BDE71F231A40012AB2
:1072A400B9D14B881B0A022BB5D1002002210AF068
:1072B400F9F90120AFE71F231A40012AABD14B880B
:1072C4001B0A022BA7D1114802210AF0EBF9012075
:1072D400A1E74B881B0A012B0AD0022B00D09AE7A6
:1072E400074B0221988800B20AF0DCF9012092E7EA
:1072F400034B0121187AC0B20AF0D4F901208AE7BD
:1073040034570120C0B201208049012000C4FFFF8E
:10731400602210000B7870B518401A4204D15BB299
:107324000020002B1EDB70BD40282FD14B7800209D
:10733400012BF8D18B88042B2CD0052BF3D1CB88CF
:107344001D1C8E2B24D81A480AF0B2FDAEB20400DC
:1073540032001849206806F0EBFEA5800AF0CEF949
:107364000120E0E74B78062BDDD1134B4A889A4283
:10737400D9D1CB881D1C122B00D912250C480AF038
:1073840097FDAEB2040032000C49E3E70020CAE7DF
:107394008E25D8E7CB881D1C282B00D92825044826
:1073A4000AF086FDAEB2040032000549D2E7C046B9
:1073B40068E40220804B0120EE030000104C012001
:1073C400584B0120F0B5DE4657464E464546E0B5DB
:1073D4000B780C0093B07F2B2AD84B78CC4A1370CF
:1073E4004988CC4A1180A12B0BD0E388013B3F2B69
:1073F40027D9002013B0F0BCBB46B246A946A0462C
:10740400F0BDB522E38812019342EFD100938023AB
:10741400C14CC24A2000C24901925B01C14A0AF030
:1074240073FEC1482100606209F056FF0120E1E7C4
:107434004B78433BDBB2AD2BDBD8BC4A9B00D35823
:107444009F46BB480AF07AF90120D3E78B78092BD1
:1074540001D900F0D6FDB74A1370B74B01221A7058
:10746400BFF35F8F0023B54C2370B5480AF020FDAD
:10747400237802681370012383800AF03FF9012006
:10748400B8E78A78092A01D900F0BBFD01219140AF
:10749400AC4803880B439BB20380BFF35F8F002388
:1074A400A64C2370E1E7A84BA44D9B682B60A4482D
:1074B4000AF0FEFC042204002900006806F038FEED
:1074C4000423A3800AF01AF9012093E79E4B9B4CF6
:1074D4005B782370C9E74B8859BA1A0A012A00D984
:1074E40087E7DBB2042B00D983E75800C0181301E7
:1074F4009B1A1B18954A9B009818904DD25A4368C2
:1075040029806B606A808E480AF0D2FC082204004D
:107514002900006806F00CFE0823A3800AF0EEF8A8
:10752400012067E78B78042B00D962E79A00D21810
:10753400864B92009B187833804C1B78237094E719
:107544008B78042B00D954E79A00D318804A9B0007
:107554007A4DD358AAE78B78042B00D949E79A00CF
:10756400D2187A4B92009B187933744C1B78237091
:107574007BE78B78042B00D93BE79A00D318754A34
:107584009B006E4DD35891E7734B6C4C1B78237062
:107594006BE78A780023042A07D801D100F043FE60
:1075A400023A012A01D800F058FC644C23705CE7CD
:1075B4008D7803234A88022DF7D8140A0C2C01D1A4
:1075C40000F011FE2300173BE6B2022B01D800F0B5
:1075D4000AFE01231C2EE8D829003000FFF732F8F8
:1075E4000223011EE1D15D4F03007A5DB242DCD07B
:1075F400022D01D100F0A4FE594BAA005B5D99460F
:10760400012B01D100F08CFE564BD358984618003C
:1076140007F058FC2100404607F0D8FB0121404602
:1076240007F050FC0023454C7E55BFE78B78022BB6
:1076340000D9DEE6494A414CD35C237015E74A4B36
:107644003E4D19681022280006F072FD3C480AF0ED
:107654002FFC102204002900006806F069FD1023A5
:10766400A3800AF04BF80120C4E6344D3F4B1DE7DC
:1076740000223F4B0221188A1A8280B20AF012F8C3
:107684000120B7E68B78092B01D900F0BAFC394AFE
:107694001370394BE2E6394B01221A70BFF35F8F46
:1076A4000020012109F0FEFF0120A3E68B78022BC4
:1076B40000D99EE6324A9B00204D9B58F6E68B7813
:1076C400022B00D995E62F4A1C4CD35C2370CCE6E0
:1076D4002D4B1A4C1B782370C7E62C4B174D1B6897
:1076E400E4E62B4B154D1B68E0E6174B134C1B7857
:1076F4002370BAE6144B114C9B782370B5E68B7853
:10770400062B00D975E6234A9B000C4DD358CDE6D1
:10771400E9E70120B2E701202CB20120F96300203F
:1077240024570120B0AE022034E402202046012078
:1077340090490120DCE70120DEE7012060D7012029
:1077440068E40220B0E701205C57012030CE01201C
:10775400ACCE0120B4CE0120BCE70120AC570120FF
:1077640018CF0120B0BE0220F457012000011305F8
:107774007CCC0120DDE70120E0E70120C1E7012006
:1077840004C9012010C90120D1E701209C57012020
:1077940098570120E8C801204B88092B01D100F03B
:1077A400B7FC162B01D900F02AFCBA4A9B00D35827
:1077B4009F46B94B70E7FCF7ADFA012109F072FF5F
:1077C400012017E6B54BB64D1B686FE6B54BB44CBC
:1077D4001B78237049E64888010A062900D908E67F
:1077E4000F22B14C0309645C13409C4200D800E6AC
:1077F400002402400794022A01D100F07DFD01D942
:1078040000F0DEFC002A01D100F023FD012A0AD198
:107814000C225143C91809010431A44B083AC91870
:1078240007A806F085FC0798042109F03BFF012016
:10783400E0E59F4B30E7FCF729F9994D286036E6DF
:107844009C4B974C1B7C23700FE69A4B944D5B69C1
:107854002CE6A27803234988012A00D9A5E6090A5F
:10786400023B012900D9A0E6934CC8B2A45C8C4227
:1078740001D100F048FD91498854BFF35F8F9340D4
:107884008F48874C01780B43DBB2037000238DE6ED
:107894002822002108A806F045FC022307AC894AE7
:1078A4002370894B1B7812785BB2002A02D0022223
:1078B40013435BB2854A637013880025591C1180F9
:1078C400834A63809146834A23009046824F834EC5
:1078D4004A461278002A00D09AE3774AAA5C012A21
:1078E40000D1CFE332689446002A01D100F088FC2D
:1078F400906C002801D100F090FC4269EFF3108AEB
:1079040072B611680029FCD0BFF35F8F8169002231
:10791400002903D0496901320029FBD14169BFF331
:107924005F8F002008608AF310886146896C8A465C
:10793400C969EFF3108B72B608680028FCD0BFF356
:107944005F8F5146086A0021002803D04069013145
:107954000028FBD150460391C069BFF35F8F00211B
:1079640001608BF3108861468868411E8841039941
:107974001A71597198710021102A01D800F0F9FC8C
:107984004246525DD9711A72554A0833525D043722
:107994005A700436012D00D038E34B4B1B78002B72
:1079A40001D000F0F3FB3E4D2B0007CC07C307CCFE
:1079B40007C307CC07C34B4806CC06C30AF078FAC2
:1079C4002C2204002900006806F0B2FB2C23A380BB
:1079D40009F094FE01200DE58C780C2C00D195E380
:1079E4002300173B0125022B16D91C2C14D83E4B1F
:1079F40003351B78002B0FD1FF212000FEF722FE58
:107A0400023D002808D1394E05003378A34203D043
:107A1400200009F0D5F83470214C257025E54C88F8
:107A2400012C00D948E1324D01D100F0E0FB2B6874
:107A3400802180232F4A13802B4B1B78002B01D0ED
:107A440000F0FDFB0023164C23700EE5284B19684B
:107A5400294B994200D9E1E2264B1B88013BFF3BAD
:107A64005A4253410E4C2370FFE402AA9446132356
:107A74001225634465440193009511230F21634447
:107A840006AA614407A8FBF79BFF054C2B782370DB
:107A9400EBE4C046D8480120E2E7012074CC012081
:107AA40060D70120B8E701201457012074F20120A7
:107AB400C2E701208057012018CF0120DCDD02201D
:107AC400D5E70120E7E70120D8E70120AEE7012050
:107AD400D6E7012014E601202CDE0220B0BE0220ED
:107AE40010E6012068E40220CCE701207C57012045
:107AF400345701207A570120FF7601008C780C2C32
:107B040000D103E32300173B0125022B00D883E7B0
:107B14001C2C00D980E7E34B2A00E3409A4300D1B0
:107B24007AE7E14E3378A34201D100F0F0FBDF4B5A
:107B34001A78AA4201D100F019FC5B78AB4201D15A
:107B440000F014FCFF212000FEF77CFD6D190028D5
:107B540000D061E7601CFF21C0B2FEF773FD00286E
:107B640000D059E70500347056E7CF4BD04C1B7852
:107B740023707AE44C88002C00D068E2CD4D2B7839
:107B8400002B00D15EE7002008F096FF2C7059E727
:107B9400C84BC74C1B78237067E48B78012B01D941
:107BA400FFF727FCC14AC24CD35C23705DE48B7899
:107BB400012B01D9FFF71DFCBF4A9B009B58BC4D0C
:107BC40074E4BE4BBA4D1B6870E402AB9C461325AB
:107BD400122365446344019500934EE7B84BB44DBA
:107BE4005B6863E4B74BB24C1B7823703DE4B64B3F
:107BF400AF4C1B78237038E4B34BAD4D5B6855E450
:107C0400B14BAB4C1B7A2370FFF72FFCAE4BA84D46
:107C1400DB684BE4AD4BA64C1E68AD4B26601D687B
:107C2400AC4B65601868AC4BA0601968AB4BE16065
:107C34001A68AB4B22611B68AA4863610AF038F9E1
:107C4400182205002100006806F072FA1823AB80A0
:107C540009F054FD0120FFF7CDFB002301249B4ACA
:107C6400934D13609A4A13609A4A13609A4A1360B8
:107C74009A4A13609A4A13609A482C700AF018F9C9
:107C84002B7802681370848009F038FD0120FFF717
:107C9400B1FB4B88DB070FD50021934B934A1A8025
:107CA400934A00231180642292490A7092490B700E
:107CB40092490A70924A137001247D4DDCE702AAAE
:107CC400944611236344994606AB9A460F2707ABA3
:107CD4001325122698466544674466445246390083
:107CE4004B46404601950096FBF76AFE4346704CAE
:107CF4001B887C4823803B78A37053461B78E37031
:107D04004B461B782371337863712B78A3710AF087
:107D1400CFF8072205002100006806F009FA0723BE
:107D2400AB8009F0EBFC0120FFF764FB02AB9C463F
:107D340013236344019311240F27122364446744DB
:107D4400634406AE32003900009307A82300FBF712
:107D540037FE574D3B7863482B7033786B7023782C
:107D6400AB700AF0A5F8032204002900006806F0AD
:107D7400DFF90323A38009F0C1FC0120FFF73AFBDC
:107D840007AD88782900FBF7E7FD03000020002BEE
:107D940001D0FFF72FFB464C230007CD07C307CDC7
:107DA40007C3504806CD06C30AF082F82022050016
:107DB4002100286806F0BCF92023AB8009F09EFC62
:107DC4000120FFF717FB8C78062C01D9FFF711FB74
:107DD40044480AF06DF861014A4C05002022091953
:107DE400E7E7494E3000F8F7A9FAB523E5881B0107
:107DF400464C9D4200D31FE1454B32000193802342
:107E04002000444900955B010AF07EF9002D00D062
:107E1400E1E134482100606209F05EFA0120FFF7D5
:107E2400E9FAFBF765FE224C2070FFF71EFB0124E4
:107E34001F4D2C482C700AF03BF82B780268137005
:107E4400848009F05BFC642002F01EFE324804F0DA
:107E540075FC0021030008009847C8232F4A144CDE
:107E6400D35C5A1E9341DBB2FFF7A0FB2C4A2D4B87
:107E7400D058042109F016FC0120FFF7BBFA0320B7
:107E840007F0FCF8F5E7022007F0F8F8F1E7012025
:107E940007F0F4F8EDE7002007F0F0F8E9E707F061
:107EA400E7F8E6E70008C0117857012018CF012051
:107EB40060D70120CCE7012074CC0120A057012019
:107EC4005C5701207C5701208057012048E701209E
:107ED40040E701203CE701204CE7012050E7012066
:107EE40044E7012068E4022014E6012064640000F1
:107EF40010E60120AF570120D7E70120B057012039
:107F0400DAE70120DCBE0220B0AE02202CB2012050
:107F1400E1630020245701205542000030CE0120A7
:107F240048310120240900008023CF4ADB01116875
:107F34004B40E021C9010B40CC490B600421CC4BE0
:107F4400196080235B0011681942FCD0506880B22C
:107F540005F0FCFCC74905F096FCC74905F079FC1F
:107F6400C64905F07CFC011CC54805F072FCC549F6
:107F740005F089FC05F00CFD00B27AE7C24B1868E5
:107F840077E7C24B18680006030F32205843C04BF2
:107F94009C4660446DE7052003F0B8F869E7BD4BE3
:107FA400186866E7BC4B186863E7BC4B186860E761
:107FB400BB4B18685DE7BB4B18685AE7BA4B1868A7
:107FC40057E7BA4B186854E7B94B186851E7B94BEF
:107FD40018684EE7B84B1A89987BDB7B00041B06B4
:107FE4001843104345E7B44B9A88D88800041043DB
:107FF4003FE7B14B1A8858880004104339E7002042
:1080040037E70123AD4C2370FFF72FFA01255FE416
:1080140010229A80002200219A71B1E48022A84C97
:1080240052002388934200D018E58023A54823807A
:1080340006F000FA238811E500938023A24A200069
:108044000192A24932005B010AF05EF8E1E6A04C1D
:108054002378002B00D0F5E48B4D9E4B2968984E75
:10806400994205D9802332885B009A4200D151E1BC
:108074002868318808F046FD012008F01DFD012321
:108084002370DFE43A689446002A00D1B8E0906C8B
:10809400002800D1D8E04269EFF3108A72B6116863
:1080A4000029FCD0BFF35F8F81690022002903D02F
:1080B400496901320029FBD14169BFF35F8F002078
:1080C40008608AF310886146896C8A46C969EFF3AF
:1080D400108B72B608680028FCD0BFF35F8F51463E
:1080E400086A0021002803D0406901310028FBD12F
:1080F40003915146C869BFF35F8F002101608BF380
:1081040010886146C868411E884130E4012583E433
:10811400694B6A4C1A8822701A88120A62705A884B
:10812400A2705A88120AE2709A8822719A88120AF6
:108134006271DA88A271DA88120AE2711A892272EB
:108144001A89120A62725A89A2725A89120AE2724E
:108154009A8922739A89120A62739A7BA273DA7BD0
:108164005D48E2731A8A22741B8A1B0A637409F03D
:108174009FFE122205002100006805F0D9FF12239A
:10818400AB8009F0BBFA0120FFF734F9FDF758FD85
:108194002423E054514B1A782523E254504B1A7887
:1081A4002623E254FDF76EFD2723E0544D4B1A7845
:1081B4002823E2544C4B1A782923E254FFF7F3FBAB
:1081C400032A01D0FFF72FFB0C225143C9180901E0
:1081D4008918FFF722FBAB0600D01AE60121200024
:1081E40009F0E6F915E60123344CFFF7DFF92A68B4
:1081F400384B9A4209D8802149000B00FFF71AFC3A
:1082040064219A809A71FFF7BBFB80212A68374862
:10821400490006F00FF9294D2EE5002264219880CB
:108224009A71FFF7ADFBA021314AB433D35C525CA1
:10823400224C13435A1E9341DBB2FFF7B7F9286867
:1082440008F060FCFFF7FEFB642198809871FFF74B
:1082540097FB0C225143274ACB181B01D3189B7858
:108264000793FFF7E0FAC04600C0044000D0044082
:1082740000E004406740533A6ABC343F2D93E13A2E
:108284000000D8410000C842345701200040064095
:108294002602000034E7012030E7012038E70120FE
:1082A4001CE7012018E7012028CF012024CF01205A
:1082B40038D7012034D701207CCC012060D701209D
:1082C4007A5701207C420120E163002024570120D9
:1082D400CCE70120FF76010068E40220AF570120BB
:1082E400D7E70120B0570120DAE70120F445012047
:1082F40030CE012074F201200C225143C918090127
:108304000831FFF78AFA00231E4CFFF74FF90025C6
:10831400FFF782FB803B1C48338006F08BF8A7E60E
:108324001A4BD3589846180007F06CFF21004046BA
:1083340007F070FF4946404607F064FFFFF772F903
:10834400134B1A780423D4B2002A01D0FFF72DF975
:10835400104A1278012A01D1FFF727F93000FDF7FE
:10836400BDFB2300BE70074CFFF720F90425FFF77F
:1083740053FB10318A1A54314A431209D1B2FFF720
:10838400FFFAC04660D701207C4201202CDE022087
:10839400D8E70120BCE7012060230A7870B51340B8
:1083A400402B52D00020202B00D070BD4B78822B64
:1083B4004ED012D9832B3AD0842BF6D11F231A40E6
:1083C400012AF2D14B881B0A022BEED18020022114
:1083D400400009F067F90120E7E7012B12D0812B57
:1083E400E3D11F231A40012A40D0022ADDD14B8851
:1083F4001B0A012BD9D1294B0321186809F052F922
:108404000120D2E7CC88651E3E2DCED824480370C7
:108414001F231A40427044718B881B0A03714B88D6
:108424005BBA43801F4809F089F90120BDE71F2387
:108434001A40012AB9D14B881B0A022BB5D100205E
:10844400022109F02FF90120AFE7FEF7BBFFACE7EB
:108454001F231A40012AA8D14B881B0A022BA4D13E
:108464001148022109F01EF901209EE74B881B0ADE
:10847400012B0AD0022B00D097E7084B02219888E1
:1084840000B209F00FF901208FE7044B0121187A9B
:10849400C0B209F007F9012087E7C046345701202C
:1084A400C0B201208049012000C4FFFF70B50D0057
:1084B400040020220021280005F034FE062C00D9F7
:1084C40070BD044BA4001F222800E1580AF0FCFAF6
:1084D400F6E7C046484A0120F0239B019C4610B5AC
:1084E400114C0133A080604480B2011CFF3300B200
:1084F400984201DB0D4B191C0AB2D243D3170B402F
:108504009BB20B491B0A5A00515EE1800949097864
:10851400002908D008490968002904D0D21812019A
:10852400064B8A181A6010BD34570120FF3C000026
:10853400CC490120D1E70120ACCD01205CC9012048
:10854400F0B5DE4657464E464546E0B5BC4ABD4BFF
:10855400BB49D35C922212018A5CA1B09A4201D138
:1085640000F046FDBFF35F8FB54AB64B0024D15CE3
:108574009146CB005B18DB005B18DB009D1CD35AD3
:10858400A9440693B04B9B6A189300231E931F942F
:10859400AE4B1B680E93002B05D00021180007F08A
:1085A4000DFB0E901E90AA4B1B680A93002B05D05E
:1085B4000021180007F002FB0A901F90A54B002031
:1085C4001B78002B02D1FEF7C9FDC0B2A24BA34A0F
:1085D4001870A24B1B780133DBB21370072214000E
:1085E4001C401A4201D100F089FF9D4B06981B786C
:1085F400DFB2183B5A4253415B000433190007931E
:1086040004F0F6F8974B82461D68974B1B78002BB5
:1086140001D100F090FD954B1A68904201D300F00F
:10862400DFFF00261A68121A1A60069B079A934203
:1086340001D200F088FD504605F083F900216B0F4C
:108644001393041CEB008A481293129A139B80180C
:108654005941874B984201D100F0C9FFFA22002307
:10866400920004F003F905F06CF9011C201C05F0DC
:10867400F6F8041CFE21201C890505F051F9002898
:1086840001D0FE24A4057B4B301C1D68291C05F079
:1086940047F9002800D1BAE1211C281C05F0DCF8B8
:1086A400011C041C301C05F025F9724B002800D075
:1086B400C2E11C60261C0E9B002B00D1C1E1524676
:1086C4009A600A9B002B00D1D0E152469A6002F0D6
:1086D400A7F9694B04001B780D00002B10D0674BE1
:1086E4001A685B681A430BD0644B1A685B68801A7B
:1086F40099410A1E00D0CBE1614B984200D9C7E1F1
:108704005E4B1C605D605C4B1B78002B05D15D4BA0
:10871400594A1C605D600123137051461091002179
:10872400594B11911A685B681098119912184B41B2
:1087340055490A604B604B4B1B7A002B01D000F06B
:10874400F5FC8E21474BC905301CDC8805F09BF8ED
:10875400FC21890505F080F805F01AF9802324B27C
:108764001B02984201DC00F0DCFC18002314434394
:108774005A0023041B0C4343DB0BD3181A141B04A9
:108784001B0C18001400414909680D140904090C54
:108794004A4348436C436B436404D318C00B20180A
:1087A4005B00C31814933A4B079A1B681900384BA3
:1087B4005B689B46374B1B78DBB20F93364B1B78B9
:1087C400DBB20393354B1C68069B182F01D100F0D4
:1087D40028FE93421DD3324B4D469946314B002718
:1087E4001E00884604940023E85E41468003022369
:1087F400EC5E0AF027FB4B46A40301C35946200054
:1088040099460AF01FFB013701C60435BA45EAD878
:10881400049C039B002B00D15BE1002C00D158E1A8
:10882400069B079A934200D253E11E4A1C4B914681
:10883400002203921C4A934652469A460492D6E07A
:1088440048310120210900000040054058D701208B
:108854005CD70120D6E70120E3E70120EAE7012005
:10886400D157012034570120DFE7012054D70120DC
:10887400E7030000B8570120E7E7012000B1012019
:1088840050C3000008B1012010B10120A8570120F5
:1088940070570120B8E70120D1E701205CC901200D
:1088A400CCB30120CCC50120B0CD01205D464146AA
:1088B40020680AF0C7FA6B694146C61860680AF076
:1088C400C1FA31000590E0680AF0BCFA059B414604
:1088D400181AAB699C4660446861A0680AF0B2FA51
:1088E4008046310020690AF0ADFA4346181A2C2359
:1088F400A861E35C002B01D000F000FCB0464146C7
:10890400A0690AF09FFA6B6B4146C618E0690AF049
:1089140099FA31000590606A0AF094FA059B414681
:10892400181AAB6B9C4660446863206A0AF08AFAA2
:1089340080463100A06A0AF085FA4346181AA863F3
:10894400237D002B21D1390020680AF07BFA6B6D5E
:1089540039009846804460680AF074FA41460590EC
:10896400E0680AF06FFA059B3900181AAB6D9C4653
:1089740060446865A0680AF065FA4146070020690A
:108984000AF060FA3F1AAF6547462C23E35C002BDC
:1089940021D13900A0690AF055FA6B6F3900984665
:1089A4008044E0690AF04EFA41460590606A0AF094
:1089B40049FA059B3900181AAB6F9C4660446867F6
:1089C400206A0AF03FFA41460700A06A0AF03AFA20
:1089D4003F1AAF674746534640C39A464B4680C347
:1089E4009946039B049A013303939A4270D95346E0
:1089F4001B6898464B461F68237D002B00D155E722
:108A04002C23E35C4646002BE5D1284D77E7291C4F
:108A1400301C04F06FFF002801D100F0EEFD211C92
:108A2400281C04F016FF011C041C301C04F078FF01
:108A34001F4B002800D13CE61E600E9B002B00D08B
:108A44003DE61C4B1B78002B00D03AE68C211A4AD9
:108A54007833D35C525C134300D132E6174A13686F
:108A6400013313600A9B002B00D02EE6114B1B78B8
:108A7400002B00D02BE6B4210F4AA033D35C525C08
:108A8400134300D123E60D4A1368013313601EE635
:108A940000230B4A0021137000220A48016042603F
:108AA400094A1370094A13602AE6C046B0CD012072
:108AB400B8570120DFE7012030CE012018E701205C
:108AC400E7E7012010B10120BDE7012058C90120CA
:108AD40092460F9B002B0AD1DD4C2378002B01D149
:108AE40000F097FD6378002B01D100F089FDD94B8C
:108AF4001B78002B01D100F0C2FC069B079A93421D
:108B040001D200F0CDFC002304930593D24B002640
:108B14009846D24DD24CD34F2A682368D1171C9261
:108B240052184A4005991D93914200DA0592DA17CA
:108B34009B185340049A9A4200DA04933B78002B22
:108B440000D15CE2013604350434B245E4D8059B17
:108B54005B139BB21593049B5B139BB21693782211
:108B64005346524294469B000993BF4BBF4A179306
:108B7400BE4B91461993BC4B4D4663449846BA4B41
:108B8400C1463C3BD3469846B74A0392039B1B78A5
:108B9400002B00D141E24B461B78002B00D042E26F
:108BA40043461B78002B00D137E2002443465B7810
:108BB400002B00D19FE280224346120694469B6814
:108BC400634418008E21C90504F05DFE04F0E0FE44
:108BD400002C00D165E2002800D13DE2069B079AF3
:108BE40093424CD323140B93031442460C93002357
:108BF4001A929C464A46994B00040D93984B000CDC
:108C04001B9262460027AC46984605002404240CB7
:108C140008920D9B0B98DB591E141B04190C434638
:108C2400DB591A141B0491461A0C030073435B04AA
:108C34009A46230066434B434143DB0B0C9876185A
:108C4400760053449B19494606004E43290051437C
:108C54007604C90B71184E4642436E43B61876002B
:108C64008E199E196346DE51089B0437013308931D
:108C74009B45CED81A9B654698461B9B9946039BF9
:108C840014330393C0239B009C460C2365449C46E9
:108C9400774BE144E044AB4200D077E7754BDA46CA
:108CA4001B78022B00D1A7E20025734B734F1B687E
:108CB4006E4E6D4C08932378002B1CD06378002BE8
:108CC40014D10F9B002B06D16D4AAB1C525DDBB255
:108CD400002A00D117E2149804F038FEA16804F0C9
:108CE400D2FD04F055FE002800D030E2002130000F
:108CF400099A05F017FAC0239B009C468137013579
:108D040014346644FF37052DD5D15E4B1B78002BF8
:108D140034D014239C465C4E544FB444B8463700B8
:108D240056465A4C3D68002D16DD069B079A934221
:108D340012D340460021B946089B07689A00175190
:108D44005A1B5205D20C125901335B05013104C080
:108D54005B0D8E42F1D84F46C0239B009946802379
:108D64009B01C844994604374C44BC45DAD1B24609
:108D7400089B414A53445B055B0D136000230224A6
:108D84003A4D9C460133A8469B4625005446404E26
:108D9400069B079A934201D200F00DFC4146002045
:108DA40000220B68DF17DB197B40984200DA1800B9
:108DB400013204319442F4D8364943139BB26A0019
:108DC4008B52B04205DD5A46AA400B8A13439BB22C
:108DD4000B82C0239B0099460135C844062DD7D188
:108DE400E30099461EAB9846179BA246C0278024F1
:108DF40000269B46284DBF00240443461B68002BD5
:108E040059D05A461278002A04D15A46127D002AB3
:108E140000D1C9E31B6807995A68069B8B424AD361
:108E2400124BB446991B002056460B6820339B1105
:108E3400AB4200DA184BA34200DB184B13606346C5
:108E44005B18DB5920339B11AB4229DA124B27E024
:108E5400ECE701207D57012000DE0220CCB3012085
:108E6400CCC5012058570120A8CE0120CCB6012042
:108E7400CCC50120BCE70120A0C90120F4EA0120EF
:108E8400EEE70120B5E70120D4C80120B4F70120A2
:108E94000C0100107CCC0120000080FFFFFF7F004C
:108EA400A34200DBC24B01305360043108328642D6
:108EB400BBD8B246664604239C462433E0449C4611
:108EC400BC4BE3449C46C023DB0066449C46BA4B3F
:108ED40067449E4291D1C823B84AD35C002B00D189
:108EE4005FE3069B079A934201D200F0E9FBB44D7D
:108EF40000202900002254460B68DE179B1973409A
:108F0400984200DA1800013204319442F4D8AD4A90
:108F140043139BB29381AC4BA246984204DD138A5F
:108F240040221343A74A138200245646002101CD50
:108F34000134FCF761FEA642F8D8A24B159A1A80B8
:108F4400169A5A80A04B059A9A4205DD01229D4B40
:108F54001B8A13439B4A13829B4B049A9A4205DD56
:108F64000222984B1B8A1343964A13820E990029B6
:108F740005D0964B1B681800039306F011FE0A995E
:108F8400002905D0924B1B681800039306F008FED5
:108F9400904B9C6A904B1B78002B00D1BDE0FA20CB
:108FA4008E4A18991268631A8D1AC00019008542F6
:108FB40000D8A11A002900D003E3894B18680300E4
:108FC4008033804A1B0ADBB29373844B1C60BFF36B
:108FD4005F8F844B844AD15C032201310A40824969
:108FE400CA54CA5C013BCB5C9A4201D0FFF7BAFA7F
:108FF40021B0F0BCBB46B246A946A046F0BD4046EF
:109004001DAA1CA909F0CCFE1C9B013608C51D9B9A
:1090140008C4B24500D97FE599E500212800099AE2
:1090240005F080F82BE64B465B78002B60D080225D
:109034004B46120694469B68634418008E21C9056A
:1090440004F021FC04F0A4FC43461B780400002B2C
:1090540000D0ABE50028E0D0069B079A934200D2EB
:109064000DE600200026DA4627142404240C3A00D6
:109074005E4B01361B5819144A435204944622008D
:109084001B041B0C5A43D20B94440A007B436243D7
:10909400D3185B0063442B500430B245E7D8D34661
:1090A400EDE50028B9D0069B079A934200D2E6E585
:1090B40007140004040C00260020DA463A004C4B46
:1090C40001361B5819144A435204944622001B04C7
:1090D4001B0C5A43D20B94440A007B436243D318BB
:1090E4005B0063442B500430B245E7D8D346C6E551
:1090F4004B469868A2E74346986863E5237D002BB6
:1091040000D120E467E45246310038000AF0C8FD7B
:109114006378002B00D1DEE5E8E501232E4A1370C5
:1091240053E7C343DB171840FFF720FB002000235D
:109134000022FFF727FBFE26069B079AB6059342FB
:1091440001D3FFF778FA2B4B1E60FFF7B4FA069BA6
:10915400079A934200D2CEE50314994600230004F3
:10916400000C1A005346A046AC460400BB4631002E
:10917400484603930B96070025000B6801321E1422
:109184001B041B0C77435D436643ED0BB246A946B3
:1091940043437F045344B9445B004B4408C1039BDD
:1091A4009342E8D89A4665465F4644460B9EA2E53C
:1091B400FFFF7F0000FAFFFF00F4FFFF30CE012025
:1091C400CCC201207CCC01200C01001058D7012016
:1091D4005CD7012000400540BDE7012054C90120AF
:1091E40058C901202109000048310120CCB30120D5
:1091F400CCC50120B85701205B46AD4A9360149B4F
:10920400D360AC4B1B68039313610A9B002B02D001
:109214001B685B680A930A9BA54A53610023537039
:10922400BFF35F8FA24A0133137040BFA24BA34D1B
:10923400994600234E46179F03933B78002B1CD07E
:109244007B78002B14D10F9B002B06D1039A9C49E9
:10925400931C8A5C002A00D1E2E1149804F076FBA6
:10926400B96804F010FB04F093FB002800D0EDE192
:1092740000212800099A04F055FFC0239B009C4656
:10928400039B813614376544FF36012B00D0C5E0BB
:109294008C4B1B78002B33D0864B8B4F1B688B4D2C
:1092A400994608239846854BB8449C463B0057464C
:1092B4009A4653461E68002E14DD069B079A934275
:1092C40010D360464B46002104689A0054519A1BFF
:1092D4005205D20C525901335B05013104C05B0DB8
:1092E4008F42F1D804239B46C0239B00DA449B465B
:1092F40080239B01DC449B465D44D045D9D1BA46CA
:10930400069B079800220021834200D2CCE15546F7
:1093140019980368DC171B196340994200DA190095
:10932400013204309542F4D8694A4B139BB29380BE
:10933400684BAA46994204DD138A04221343644A03
:10934400138200220020554663490B68DC171B1961
:109354006340984200DA1800013204319542F4D88F
:109364005B4A43139BB2D3805A4BAA46984204DD0E
:10937400138A08221343564A13820023544A9381C2
:109384001E9B002B33D078228C2054498A5C095CC4
:109394000A4300D18CE11B6807995A68069B8B42EB
:1093A40025D38025002100204B4F4D4E2D04434BE7
:1093B4005B58039320339B11B34200DA484BAB4212
:1093C40000DB484B13607B5820339B11B34200DA17
:1093D400434BAB4200DB434B013053600431083252
:1093E4008245E4D8324B5B78002B04D120BF304B4C
:1093F4005B78002BFAD0BFF35F8F324B1B78002BC6
:1094040007D02C4B2B4A1B68039353445B055B0D1D
:1094140013601E9B0E931F9B0A938EE501230393F7
:109424000BE7934201D2FFF7F4F92F4B4D469846D0
:10943400002689462D4F04946C792B7924061B044D
:109444001C43EB78A8781B021C436B7800061B04B2
:1094540018432B7849461B021843801009F0F2FC8C
:109464004346A41001C359462000984609F0EAFC7B
:10947400013601C70635B245DED8FFF7C9F95346B0
:1094840019491A481A4A019300900B0019481A49BD
:1094940009F0E8FC069B079A934201D3FFF733FBDC
:1094A40000231693159304930593FFF758FBC046C6
:1094B4003CC90120A0C90120F4EA0120CCB6012056
:1094C400EEE70120B5E70120D4C80120B4F701205C
:1094D4007CCC01200C010010CCB9012030CE01203D
:1094E400000080FFFFFF7F00CCB30120CCC501202A
:1094F40080570120C4BF0220B8BE0220724B1B78E3
:10950400002B00D096E00020FDF728FE642343439F
:109514006E4D1B092A78DBB29A4200D993E0C2B29D
:109524006B490878984200D20B706A4B1A70664BEC
:109534001B78002B30D10120FDF710FE6424444336
:109544006B782409E4B2A34229D8614B5A78A24229
:1095540000D25C70604B1B78002B01D1FFF745F8FB
:10956400FCF76EFB5D4B1A78824200D918705C4B95
:109574001A78824200D21870FCF784FB594B1A788F
:10958400824200D91870584B1A78824201D3FFF7EF
:109594002CF81870FFF729F86B78002BDAD06C7070
:1095A400D3E7524A9381C8E41B684A4600215868AD
:1095B40004F0B8FD7FE461464C4A6B00D152FFF7DA
:1095C40008FC9800C0188300C018800203F010F94A
:1095D400474DC0082E68F308F61A80192860EEE497
:1095E40000221A60434B00261A70FFF71EF8002968
:1095F40001D0FFF733F8FFF73DF82E1CFFF75BF8B7
:109604003D485246010001333C480AF049FBFFF74C
:109614006EFA52463A493B480AF042FBFFF762FAB7
:109624005246290030000AF03BFB7B78002B00D126
:1096340013E61DE6254D2A78002A00D175E700239C
:1096440000222B706CE7C2B22B7069E7069B079A65
:10965400934200D211E60314994600230004000C3F
:10966400A846B44629001A000500564648460897FD
:1096740004000B6801321F147C436404A3462C00CD
:109684001B041B0C5C436F43E40BBA46A1464343E3
:109694005344D9445B004B4408C19642E8D8B246CF
:1096A40045466646089FE8E5104B9A80DA8064E6F2
:1096B40052461B6800215868D20004F033FD96E638
:1096C40000230A4A938138E4D6E7012014E60120F6
:1096D40010E60120E3E70120D8E70120AF5701207D
:1096E400D7E70120B0570120DAE701207CCC012024
:1096F40058C90120DFE70120CCC5012074E901200D
:10970400CCB30120F4E70120BFF35F8F9223054A15
:109714001B01D35C0449DBB253540022034B1A608F
:109724007047C0464831012021090000C8B2012019
:10973400C822074B9A5C002A06D1A032985C1432E6
:109744009B5C184302D170470120FCE70220FAE732
:1097540030CE0120F0B5D6464F464646C0B5734CD0
:1097640084B0DC220021200004F0DCFC0125482226
:10977400FE230026A5543032A5549B050832A3507D
:109784000C32A5540832A3501432A3501432A350FF
:109794001432A350A3602365654A664B66491A8058
:1097A400664A0023168064220A70654925700B708E
:1097B4006449654C0A70654A082113702000C02270
:1097C40006F0A6F9624FC02238600821200006F096
:1097D4009FF9604B604C9A46604B20609946514615
:1097E40018005F4A05F066F90096396810230022D4
:1097F400484605F075FA5B4B5146984618005A4A9C
:1098040005F058F90096216810230022404605F01F
:1098140067FA4A46554B01211A6042465A60544B36
:10982400544A55481A60554A5A60554B3A681A606A
:1098340022685A60534B1A7807F0DAF800210C209A
:1098440000F028FD00210B2000F024FD02A80200F6
:109854004D4B12CB12C2022105F06CFB4B4C4C4F0A
:109864000023002221003800009507F0D3FD2100D9
:10987400484B494AFB60494F022338003A3100956E
:1098840007F0C8FD464B47483B61474B4749436196
:10989400474B0B6007F01EFD4649474B47480B609A
:1098A40007F018FD2100464F00230022A2313800A2
:1098B400009507F0AFFD2100424B434AFB60434B48
:1098C400093900934248032307F0F6FD414B4360F6
:1098D400F8F782F94048F8F743FC404B404A9E8031
:1098E400DA80404A1278002A09D03F4A1268002AD6
:1098F40005D0B42109018C463C4962440A60012127
:109904003B4A11701A683B4B1A603B4B3B4A5A6006
:1099140004F09CFF02223A4B1A6007F051FE04B097
:10992400E0BCBA46B146A846F0BDC04630CE0120E0
:109934006464000014E60120AF57012010E6012002
:10994400D7E70120B0570120BC570120DAE70120F6
:1099540058D701202C5701205CD701202CE6012088
:10996400C457012098E60120CC570120B0BE022044
:109974002CDE022098CC01200000305004CD0120C0
:10998400BCBF02207C57012078490120994A01205C
:1099940058B2012069810020644A012080B201206C
:1099A4008164002000CC0120D96F0020ACB20120DA
:1099B400B049012098B20120A049012034CC0120F3
:1099C40054E7012095710020C0490120C56300209F
:1099D400444B0120E17000200080BB473457012034
:1099E4000080FFFFD1E70120ACCD01205CC901203C
:1099F400E1E70120B45701203CC90120CCB6012085
:109A040000E004400023036043608360C36003619B
:109A1400436183617047C0460023044A416001608A
:109A24008360C160026143617047C0460201010165
:109A34000023002283600382436143688274C3600D
:109A44007047C046F0B5847C1E00002C37D0437CA0
:109A5400002B34D043695C1C03231D004461254062
:109A640023422CD1C37C002B2AD1846981610B1B36
:109A7400A14224D09340016808225B1A1C00DD1720
:109A84000023002D44DBA4185D412A072409224346
:109A9400037C89180160002B15D0013B037400235B
:109AA4008022C918436852029A188A4200DD0A00CB
:109AB4001F498C466344934200DA1300C360F0BD2F
:109AC4008161C574FBE733008768083B1B04DB1B1B
:109AD4001C00DD1708220023002D21DBA4185D41A2
:109AE4002A0724092243BA18D417130D24031C434C
:109AF400130324041B0C826023430E4A5B429342EB
:109B040000DA1300802212029342C9DD1300C7E772
:109B1400121BAB4114001B0722091A435242B7E738
:109B2400121BAB4114001B0722091A435242DAE705
:109B34000000FFFF0080FFFFC068002801D0023052
:109B440080087047F0B583B005000E00140000F0E3
:109B5400AFF8002801D003B0F0BD154F01223B003F
:109B640001210097053001F049FA33002A000094DE
:109B74000121104801F0D0FA21002800714302F0BD
:109B840037FE04000C4B002200930221042001F054
:109B940035FA2300002201210094052001F02EFA59
:109BA4003B00022200210097062001F027FAD2E7A9
:109BB400006CDC0200800240001BB700094A8300ED
:109BC40094464022634410B51C68C0006240C0241F
:109BD40014408022520113431C60034B9C46604492
:109BE400416010BD04C0014000400140034BC0006F
:109BF4009C46604443681F20184070470040014061
:109C0400094B80009C464B1E99416044C900002AC0
:109C140001D00423194303684B400C2119408023CD
:109C24005B0118430160704704C00140074BC0004A
:109C34009C466044036809045940C0239B021940B0
:109C440080235B01184301607047C0460440014013
:109C5400074BC0009C466044036809035940C02375
:109C64009B01194080235B01184301607047C04683
:109C7400044001400123D022834012069362936181
:109C8400094A83009446402263441968C0004A404C
:109C9400C02111408022520113431960034B9C469A
:109CA400052360444360704704C001400040014004
:109CB400024B18688007C00F7047C04600C00640BA
:109CC4008023DB051868000F7047C046EFF310804F
:109CD40072B6034A1368002BFCD0BFF35F8F704742
:109CE4002C0100D0BFF35F8F0022024B1A6080F377
:109CF400108870472C0100D070B5EFF3108C72B649
:109D04000D4D2B68002BFCD0BFF35F8F0724CB08CD
:109D1400C618C05C01230C40A3401C00044003424D
:109D240007D103433370BFF35F8F2C608CF310882B
:109D340070BD100001F04CFB2C0100D0F8B5474673
:109D4400CE46884680B5EFF3108C72B6214D2C6850
:109D5400002CFCD0BFF35F8F9A422CD8D40807277D
:109D6400055D061901241740BC402C421FD0072171
:109D74000127894609E0D408055D06194C463900D7
:109D84001440A1400C00294211D001329342F2D276
:109D940001204042BFF35F8F00220E4B1A608CF308
:109DA400108800280FDBC0BCB946B046F8BD2C4370
:109DB40010003470EEE7BFF35F8F00232B608CF349
:109DC4001088012040424346002BECD0089801F053
:109DD400FFFAC0462C0100D030B5EFF3108C72B6F8
:109DE4000A4C2368002BFCD0BFF35F8F07230122AA
:109DF400CD0819408A40435D93434355BFF35F8FB9
:109E0400002323608CF3108830BDC0462C0100D0A1
:109E14000021044B044ABFF35F8F02C39342FAD17B
:109E24007047C046000100D0800100D0044B9C461E
:109E340060448000BFF35F8F002303607047C04617
:109E440040000034044A1078431CDBB2172B00D9BD
:109E5400102313707047C046F85701200123834034
:109E6400002904D0034A1360034A13607047034A6D
:109E74001360FBE780E200E000E100E080E100E045
:109E840001228240034B1B6813405A1E9341D8B2EF
:109E94007047C04600E100E0024B10309B68800030
:109EA400C058704700ED00E070B50D00EFF3108668
:109EB40072B60F4A1368002BFCD0BFF35F8F0D4BB3
:109EC40010309B6884001B590B4A934203D09D4277
:109ED40001D001F09BFA074B9B681D51BFF35F8FC4
:109EE400BFF35F8F0022024B1A6086F3108870BDA7
:109EF400240100D000ED00E0CD010010F0B557467C
:109F04004E46DE464546E0B585B006000291170090
:109F1400EFF3108B72B6674A1368002BFCD0BFF3C3
:109F24005F8F0025644B5D579A46002D00DAA4E04C
:109F34006B00624C03935B199B009846A146C14495
:109F44004B4652469B79103613705D4BB2009B68AA
:109F5400019299580B1B2F2B34D95A4B994200D09C
:109F6400A4E0039B584A9C46584B6544AD00635398
:109F7400434602336519E418554B0121043B1B1B6E
:109F84001B055B0D13436B80524BEF71AB80FF23BA
:109F9400AB71029BAB604B460B431900484B019AD3
:109FA4009B689950BFF35F8FBFF35F8F0022414BD3
:109FB4001A608BF3108805B0F0BCBB46B246A946C4
:109FC400A046F0BD01200A008243D379BB422FD8BA
:109FD40045464E46130040491B1B5B415943090D3E
:109FE4003A4B63533A4B02356519043B5B1B1B0523
:109FF400354D5B0D2B4373800426B446E044444442
:10A00400131F1B1B4C46A17102991B05A1604946F5
:10A014005B0D2B43A380314BE77101431360BDE714
:10A024005800C01880002018C679BE422BD90200FF
:10A034000623D356002BF3DA101D824628488046A7
:10A0440004267642B446E14450464E46361A30055C
:10A05400400D824656461C48957106439680039AE5
:10A06400944665441D4AAD00641922604246A371BA
:10A07400029BA280E771A36090E701F0C7F9002575
:10A0840053465D5754E7101D8246908840050015DD
:10A0940084464046D444664604302018301AE026EC
:10A0A4000005400D360230438046C9E701F0AEF9A1
:10A0B40057E7C046240100D0CDE70120FC5701201A
:10A0C40000ED00E0CD01001000E0FFFF00A1FFFF64
:10A0D4002C58012001BDFFFFAAAA000001488047B7
:10A0E40001BD0000F0B5DE4657464E464546E0B594
:10A0F4000C0083B0EFF3108972B6584A1368002B32
:10A10400FCD0BFF35F8F564B9A68030010339F0057
:10A11400D559544A9046954232D0A54243D0524E26
:10A12400AA1B2F2A2CD801228240924651464F4A1C
:10A1340012681140019151464D4A1160BFF35F8F7F
:10A14400EFF305829346002A33D101232A009A4370
:10A1540093689C4208D177E04B005B189B00F3188E
:10A164009968A1422AD01A00062151560029F3DA2F
:10A17400019B002B19D052463E4B1A603B4B1A6090
:10A18400374B9B68DD51BFF35F8FBFF35F8F0022B6
:10A19400324B1A6089F3108803B0F0BCBB46B24658
:10A1A400A946A046F0BD1500EAE75246304B1A60B6
:10A1B400E6E79342C9D001F029F9C6E706215956CA
:10A1C400002921DB4A005018800034188046A0681A
:10A1D4009860E079D871062020569871002824DB15
:10A1E400A488F01A6405241544440019E0240005E9
:10A1F400400D24022043988052181F4B9200B61839
:10A204001A781970B271B3E7594600290FD1FF319A
:10A2140091711A49918018490A789A71184A9B1BBE
:10A224005B415A43120D0A70A2E71648E3E7164A47
:10A234001649D21A083A5002400D01439980144934
:10A2440052080A43DA8093E7062151561300002985
:10A25400B8DA5A46002AEAD14546DCE7240100D0A0
:10A2640000ED00E0CD010010FC57012000E100E00A
:10A2740080E100E080E200E0CDE7012001BDFFFFC6
:10A28400AAAA000001BD00003658012000F0FFFF1B
:10A2940000F8FFFF032310B50400074A1840944652
:10A2A400C0009C43FC3383406444226881409A4349
:10A2B40013000B43236010BD00E400E0F0B5EFF39E
:10A2C4000584C646012600B50643EFF3108C72B62A
:10A2D4001C4A1368002BFCD0BFF35F8F1A4FA400F5
:10A2E400BB681A4D1B590200984619490023521B9A
:10A2F40052415143090D2A0049B2B04515D00624F4
:10A3040014578C4215D001330C32042BF7D1114B66
:10A314001A7819708271BFF35F8F0022094B1A609B
:10A324008CF3108880BCB846F0BDBB680A4A1A5149
:10A33400EDE75A00D3189B00ED18FF23AB71074BD0
:10A34400AB80E4E7240100D000ED00E0FC570120DD
:10A35400AAAA0000CDE70120CD01001001BDFFFF36
:10A36400054B064A1360064A136053609360D3603A
:10A3740013615361936170478080808000E400E042
:10A3840004E400E0024B9C4661448900016070478C
:10A394004000003410B50400FFF754FD0100200014
:10A3A400FFF7F0FFFF232371BFF35F8F10BDC0469B
:10A3B40010B50400FFF746FD01002000FFF7E2FF9F
:10A3C400FF23A380BFF35F8F10BDC04683680B4893
:10A3D40010B5844661446244090112019A1859185F
:10A3E40054684B6801209C4201D802D00020C0B2BE
:10A3F40010BD12680B689A42F9D8F7E7FFFFFF0F08
:10A404000A4B1968EFF3108072B60A68002AFCD070
:10A41400BFF35F8F1B68BFF35F8F00221A6080F366
:10A42400108840BF002000217047C046ACD70120EF
:10A4340070B542680400EFF3108572B61368002B00
:10A44400FCD0BFF35F8F2068CEB2437BB3420AD007
:10A45400FF230B405A00D318026894466344033B1D
:10A464009B78002B13D0FF230A0A0B40E168D2B279
:10A474008C466344013B197891420ED000206368F6
:10A48400BFF35F8F00221A6085F3108870BD2269C4
:10A494009142F3D100202361F1E7310000F0BEFCCA
:10A4A400EDE7C046F8B557464E464546DE46E0B5AC
:10A4B40099460CAB1D780DAB1B78060090469A4666
:10A4C4000768002D3BD02B006C003A686419033CEC
:10A4D4001119374A9446B2686344944642461B01B4
:10A4E40063441A604A465A600A9A9A600B9ADA6080
:10A4F40000238B704B700B707B7B9B46002B3ED0F4
:10A504002A005946B8687B6898473A6800282AD0D8
:10A514005B4658465B005B441419033BA070D1189A
:10A52400D35C002B40D15B460D7028007B73AB4598
:10A5340026D0F0BCBB46B246A946A046F8BDB87BBF
:10A544000028F6D044003A682418033C11194A78CC
:10A554000300BA73002A00D1FA73002205008A703E
:10A564004A700A70B5E75B465B005B44033BD31853
:10A574009D701119125D002A18D15B460B707D7312
:10A5840042464B46307D00F0E3FA041E06D05346A3
:10A59400002B03D12900306800F040FC0E9B2800FA
:10A5A400002BC6D01C70C4E76370BCE75A70E4E7A4
:10A5B400FFFFFF0FF0B5DE4657464E4645460023E3
:10A5C400E0B58BB00893674B8200D45800239B46B8
:10A5D400099000F025FA626806000F00EFF3108579
:10A5E40072B61368002BFCD0BFF35F8F23689C46C0
:10A5F4005B7B9946002B00D169E0A2685A4B9046D8
:10A604004B441B01984443461A685B6810001900C8
:10A61400801BB941002900DC63E0099800F098FA36
:10A6240000230022984600230692079300239A46AB
:10A634006368BFF35F8F5A461A6085F310885346E8
:10A64400002B08D10028C4D10BB0F0BCBB46B246E5
:10A65400A946A046F0BD089B414618024B46184344
:10A66400D047626806000F00EFF3108572B61368D6
:10A67400002BFCD0BFF35F8F002F50DB33003B4334
:10A6840002D02369002B61D12368D97B002907D02C
:10A694004A00521819688C4649466244033A51707C
:10A6A4009A7B002A01D14A469A734A46DA734B468A
:10A6B400E168013BCA5C0132CA545B4623616368AA
:10A6C400BFF35F8F5A461A6085F3108881E7002331
:10A6D40000229846002306920793002300209A46FE
:10A6E400A6E7002902D1002800D096E700216046A1
:10A6F40000F068FB43461A685B680692079343467A
:10A704009B689A464346DB689846E3684B44013BA2
:10A714001B7808931B0203432361002088E7236905
:10A72400002BB1D0069A079B921BBB41002B15DB73
:10A7340059460491012103914946029141460191F0
:10A74400514620000091FFF7ADFEB6E700F068F92E
:10A7540032003B0012184B41002BE9DA0122034B73
:10A764005242E5E744D70120FFFFFF0FFFFFFF7FC1
:10A7740010B5144C6368002B04D00A211248FFF76B
:10A7840001FE10BD2300114A1021206800F068FA70
:10A79400032000F039F9032000F044FA03200C49A7
:10A7A40000F090F9FFF74EFB0A4B9C4603232375F8
:10A7B400D0231B061B6860446375074B80006060F0
:10A7C400DC60DAE744580120ACD701209DA10020C9
:10A7D40085A300204000003444D70120004870477E
:10A7E40044580120F0B54546DE4657464E46E0B58E
:10A7F4008BB01D00149B80469B46159B14009A4603
:10A8040016AB1B7802AA079300239946D3774346D5
:10A814005A68EFF3108672B61368002BFCD0BFF3AE
:10A824005F8F02AA94461F23634404934B46039309
:10A834000293534601935B462200009340462B004B
:10A84400FFF730FE0023002804D04346DB681B18C2
:10A85400013B1B7842465268BFF35F8F4946116043
:10A8640086F3108800282FD002AAD27F002A08D1AC
:10A874001B0218430BB0F0BCBB46B246A946A04627
:10A88400F0BD079B002B1DD051460020D847030084
:10A8940006000F000B4315D0002907DAA41BBD41A5
:10A8A400002DB4DA01240A4D6442B0E700F0B8F890
:10A8B40034003D0024184D41002DA8DA0124044D34
:10A8C4006442A4E70020D5E701204042D2E7C04615
:10A8D400FFFFFF7F70B5EFF3058305000C0084B024
:10A8E400002B0AD0164A0020536A9C4203D8926A6D
:10A8F4000130AA421FD304B070BD124E02930193DB
:10A90400114B0200009330000B00FFF76BFF011E98
:10A91400E8DD20BF3000FFF78BFD094B0020596AAA
:10A924008C42E8D89B6A0130AB42E4D2641A631EBD
:10A934009C41E0B2DFE7E41A631E9C41E0B2DAE72F
:10A944000040054044580120D1A10020F0B5EFF3A8
:10A954000582D6464F4646461000C0B51038EFF380
:10A96400108872B6214C2368002BFCD0BFF35F8F94
:10A974000123190081401E4D1F006963AA461D4D25
:10A9840029601D4D2E78AC463500C5402F402B4222
:10A9940009D1BFF35F8F276088F31088E0BCBA4603
:10A9A400B146A846F0BD5346144D5F6A83005D5915
:10A9B400AF420ED3124A8E439B5862461670BFF3C1
:10A9C4005F8F0022226088F31088002BE6D098471E
:10A9D400E4E70C4B92009C46624413681360BFF397
:10A9E4005F8F0023236088F31088D7E7280100D005
:10A9F400004005403C700540E8E7012020E70120C5
:10AA040070B20120D03F054010B50100024A03484E
:10AA1400FFF772F910BDC046304C0120BAE701209F
:10AA2400034B596A0A00986A596A8A42FAD17047F4
:10AA34000040054070B504000D00124A536A190025
:10AA4400966A536A8B42FAD13000190024184D419A
:10AA5400AB4211D80ED02B000A494A6A9A42FCD361
:10AA640007D1084A02E0516A994202D1916AA1428F
:10AA7400F9D370BDA642EED9012301246442E5173F
:10AA84005B42E9E7004005400C4B10B598420BD8F7
:10AA94004201121A92001018094AC000916A936A7E
:10AAA4005B1A9842FBD810BDFA22002392000021C1
:10AAB40002F0B2FEFFF7BEFFF5E7C0469BC42000DC
:10AAC4000040054070B504000D00EFF3108672B627
:10AAD4001A4A1368002BFCD0BFF35F8F002D1BD0E4
:10AAE4002000FFF7D9F9164981420AD02000FFF768
:10AAF400DBF901212000FFF7B1F90123A340114A3A
:10AB04001360114BA400E550BFF35F8F00220B4B81
:10AB14001A6086F3108870BD0B4BA200D550012239
:10AB2400A2400A4920000B7893430B700449FFF7B5
:10AB3400D9FA00212000FFF791F9E5E7280100D0B8
:10AB44001DA700203860054070B20120E8E701200D
:10AB5400F0B54F46D6464646C0B507002C4C616A50
:10AB64000D00A66A616AA942FAD18B4208D805D0C1
:10AB74000120E0BCBA46B146A846F0BDB242F7D9BE
:10AB8400EFF3108A72B6234801680029FCD0BFF3A2
:10AB94005F8F0125BD4020491D4C884609788946B0
:10ABA4002943C9B28C46414660460870391D1B488A
:10ABB400890065630A51B9000B50216A00202942BB
:10ABC40019D0616A0800A66A616A8142FAD18B428F
:10ABD40019D801D1B24216D8CC4516D00C4B1F203F
:10ABE4001D625D6301230740BB400D4A1E3813609C
:10ABF40043464A461A70BFF35F8F0022054B1A6022
:10AC04008AF31088B5E70020F5E70120F3E7C04692
:10AC140000400540280100D0E8E7012020E701209A
:10AC240080E200E0EFF3108C72B60A490B68002B47
:10AC3400FCD0BFF35F8F01238340074A07481362A8
:10AC440002789A430270BFF35F8F00230B608CF38A
:10AC540010887047280100D000400540E8E7012033
:10AC640030B583600023CCB2437301330473426074
:10AC74008373C4730D000068012C06D9421C013390
:10AC8400DBB2137003329C42F9D1FF2129404B00FF
:10AC94005918002340180338437030BDF8B5CE4628
:10ACA400474606000C0080B5002907D04D00036814
:10ACB4006D18033D5A195778002F04D12000C0BCE9
:10ACC400B946B046F8BD7900C919033988464344EA
:10ACD4005978894600215970517073683A002100EF
:10ACE400806898473368002827D1424641465D1959
:10ACF400AF709A185B5C002B00D06B7014703C0032
:10AD040049463000FFF7CAFF051ED7D021002A00AC
:10AD1400B068736898473168002818D06B005B19D5
:10AD24006200033B1219CB18033A9C7088188A5CA2
:10AD3400002A00D05A700570C0E742469A189470F1
:10AD440059195B5D002B00D053700F70D8E7630076
:10AD54001B196A00033B5219CB18033A9D708818DB
:10AD64008A5C002A00D05A7004702C00A6E7C04602
:10AD7400F8B54D006D180368033D0E00595D1700CA
:10AD84000400FFF78BFF002F0CD12368002805D0A7
:10AD94000021420012189A18033A917000225B199C
:10ADA4005A70F8BDE17B2368002904D04A00521888
:10ADB4009A18033A5670A27B002A00D1A673E67350
:10ADC400E4E7C046F8B5467B03687500AD19033D5A
:10ADD4000F00595D0400FFF761FF002F0ED12368B7
:10ADE400002805D00021420012189A18033A9170E5
:10ADF40000225B195A7060733000F8BDE17B236850
:10AE0400002904D04A0052189A18033A5670A27BBB
:10AE1400002A00D1A673E673E2E7C04670B50400C9
:10AE2400002943D0437B8B4255D005684800401825
:10AE3400033828188278002A38D053009B18033B23
:10AE4400EA5CEE188A4202D134E0002A08D05300AA
:10AE54009B18033BEB185A788A42F6D142785A7011
:10AE640000230122837043702000FFF781FF667B7B
:10AE74000500002E17D000281AD002003100A06867
:10AE8400636898472168002817D06B005B1972002B
:10AE9400033B9219CB18033A9E7088188A5C002AE7
:10AEA40023D1057035000120657300E0002070BDDA
:10AEB4003500F8E743783370D2E773009B196A00D2
:10AEC400033B5219CB18033A9D7088188A5C002AF8
:10AED40008D10670E7E701221900FFF749FF607304
:10AEE4000120E4E75A700670DDE75A70D9E7C046DE
:10AEF400F0B5DE464E4657464546E0B583B001926E
:10AF04001A0E93461E020500002389463000594656
:10AF14000C9A01F0ABFC374B6C009C466419A400FE
:10AF2400644463680700834200D260602B1FDBB275
:10AF34009846012B38D9C02380229B012343120158
:10AF44001A602D4BAD0059599A46002923D1019A14
:10AF5400236852015340E0221A4080235B012343BB
:10AF64001A604246012A38D9802380229B01234358
:10AF740012011A6030003A0000235946676001F05C
:10AF840075FC53465851012003B0F0BCBB46B24691
:10AF9400A946A046F0BD586901F02AFC431C58009C
:10AFA400C0180338FDD2D2E74B46012BC3D1C023CE
:10AFB40003229B0123431A60023AA3681A42FCD07D
:10AFC400019A236852015A40E0231A4080235B010E
:10AFD40023431A60084AAD0092464A46216851400C
:10AFE40003220A401A6001224B469A40A3681A427F
:10AFF400FCD0B9E70080004014C9012010B582B02C
:10B00400049C9C4204D80094FFF772FF02B010BD68
:10B014000020FBE730B50C2083B000F0DBF8FEF72E
:10B0240047FE00280BD02D482D4A0100030028318B
:10B0340004C38B42FCD12B4B436203B030BD2A4C7A
:10B04400A06700F01BF90122284B1A60636C012BE6
:10B05400FCD10322264B1A60234A936B012BFCD1AB
:10B06400013300930121234A2348043300F054F8A8
:10B07400052301210093214A214800F04DF8214B7A
:10B08400214D174C0093002202210420FFF730FFCA
:10B094002B000022012100950520FFF729FF230042
:10B0A4000022002100940720FFF722FF2300002242
:10B0B400002100940820FFF71BFF0A4B0022009395
:10B0C400002123000920FFF713FF2B000022002199
:10B0D40000950620FFF70CFFAFE7C04614C9012016
:10B0E400006CDC021BB70000008000403CB0004054
:10B0F40030B00040002F685900800240008C864721
:10B1040000C00240001BB70040597307014B800088
:10B11400C058704714C90120F8B5040021481D0027
:10B1240017000E0001F064FB0100380001F060FB21
:10B13400069B29041B0319432368002B20DB1A4BAD
:10B144001A4DE21853425A4180235B019C46120374
:10B15400174B62441A60174B1A601700AB689F4381
:10B16400FBD1C022231D92011A4321232660A06033
:10B1740013602368002BFCDA0823E1601360F8BD38
:10B184003F2322681340B342D9D1A3681B051B0D8A
:10B194008342D4D1EE22E368D20213408B42CED153
:10B1A400EDE7C046001BB7000040FDBF00C00040F3
:10B1B40000E0004000F00040044B00011B685840D0
:10B1C400F0231840024B18607047C0460040064008
:10B1D400005006408023024A9B000343D362704719
:10B1E40000800540024B1A68024B5A607047C04603
:10B1F40098CD012000800540184B0200184810B576
:10B20400D8618020174BC0051860174C174804609C
:10B2140000290AD0E021164BC9041960002A09D17B
:10B224008022134B12061A6010BDE021C904196074
:10B23400002AF5D053019B1A98008023801800013E
:10B244005B04984200D30B4880220B4BD205186054
:10B25400024B5860064B1A60E6E7C0460080054082
:10B264002131B76A00B00540FCFF0100082001400D
:10B2740000A00540FFFFFF0098CD0120AA23064A45
:10B284001B0113602F230549D360054B19605368D4
:10B29400002BFCDA7047C0460040024000B0FA00C0
:10B2A400006002402B4B2C4A70B51A602B4A2C4B81
:10B2B4002C491A6014008B689C43FBD12A4D2B4EF9
:10B2C400B54208D2013E761BB60808CD9847230044
:10B2D4000134B342F9D1FFF79DFE254A204B1A6091
:10B2E400204A9368DB43DB01DD09002BF9D14022BE
:10B2F400204B214C214E9A675A671A67DA66B4428A
:10B3040008D223682000002B20D00834FFF750F81F
:10B31400B442F6D31A4E1B4CC022A168300002F08E
:10B3240007FFA660FEF774FDFFF71AF8FFF720FA8F
:10B33400154C164EB44208D2013E361BB60808CC52
:10B3440098472B0001359E42F9D170BDFFF722F8D2
:10B354000834D4E700E00040BFCDFBFEFE7F3C0094
:10B3640000F0004000C00040306101204061012035
:10B37400FFFFFF0100F00140206101203061012046
:10B384000000002000ED00E0406101204861012040
:10B3940000BEFDE7094A03001068002805D00849EB
:10B3A400C3188B4207D81360704706480449C31872
:10B3B40010608B42F7D901204042F5E794CC01207C
:10B3C400000004209CE4022010B5FFF7E1FFC04612
:10B3D4000FB400B5084883B002F0D0FF049B002BE3
:10B3E40007D005A91800019101F082F9034802F081
:10B3F400C5FF0120FFF7CCFF544C01201C4601205F
:10B4040010B50148FFF7E4FF644C012010B5014872
:10B41400FFF7DEFF744C01207047C046F8B557466D
:10B424004E464546DE46E0B599460A9B07009A46D5
:10B434000D9B8846934615000B9E9B0710D10C9BD1
:10B444009E420DD29D1B14000E005D4422004B460B
:10B45400013431002020B847A542F7D1B0460B9EF5
:10B46400002E27D0444675195346AA1B013E985D09
:10B4740021004B46B847002EF6D123002C009846F5
:10B484000D9B9B070FD55B46E51A0C9BAB420AD973
:10B494004646984622004B46310020200135B847E5
:10B4A40001344545F6D32000F0BCBB46B246A9465C
:10B4B400A046F8BD2C00E3E7F0B54F464646D64615
:10B4C400C0B584B098460EAB1B78129F994694463B
:10B4D4000D9C109B119EBA0725D4002E4BD19C4283
:10B4E40000D3C1E001223A4092461F2C00D9BAE0B1
:10B4F4000C9A551E302201E0202C03D001342A5529
:10B50400A342F9D85246002A0DD0A6420BD9202CCA
:10B5140044D00C9A551E302201E0202C3ED0013438
:10B524002A55B442F9D1FA064ED57A053FD4002CF7
:10B5340039D10F9B102B00D17BE00F9B022B00D144
:10B544008CE030230C9A012413704B46002B40D01E
:10B554002D230C9A135501340C9B624600930397D8
:10B56400434602960194FFF759FF04B0E0BCBA4683
:10B57400B146A846F0BD012215003D40AA463A4214
:10B5840030D04A46002A02D10C323A4200D0013E61
:10B594009C42BAD21F2CABD9202E28D92024FA06DB
:10B5A400DAD57A0503D4A3422ED0A6422CD00F9B21
:10B5B400102B34D00F9B022B20D0202CCCD0302247
:10B5C4000C9B1B191A700134202CC5D04B46002B40
:10B5D400BED17B070DD43B07BED520230C9A13554F
:10B5E4000134B9E79C429ED21F2C00D880E7202466
:10B5F40099E72B230C9A13550134ADE7202CABD0DB
:10B604000C9B1B1901343BE0631E012C91D00F9A53
:10B61400102A2BD00F9A022A2FD01C00CFE7BB068A
:10B624000ED4202C98D00C9B1A1901347823137053
:10B63400C3E7BB060DD478230C9A01241370BEE72C
:10B64400202C00D188E758220C9B1B191A70013456
:10B65400B3E758230C9A01241370B0E70C9A6033B3
:10B6640001241370ABE7202400265CE7023CBA06F1
:10B67400E9D40C9A12191C00D8E70C9A9246534448
:10B6840062221A7099E7C046F0B54E46DE46574628
:10B694004546E0B593B09B461CAB20CB89461B784E
:10B6A40092461E9E08900993002D08D11023219ADA
:10B6B40000249A431300219A2193520524D4219AF9
:10B6C4006123920639D402AA94460A2252421F27C1
:10B6D4009046DBB200246744984408E03033DBB280
:10B6E40001343B55B5420FD3202C0DD00500310059
:10B6F400280001F07DF8CBB20929EFD94344DBB22D
:10B7040001343B55B542EFD2219B52460693209B10
:10B71400494605931F9B08980493099B039602933B
:10B724000AAB009301945B46FFF7C6FE13B0F0BC6E
:10B73400BB46B246A946A046F0BD4123C3E7C04676
:10B74400F0B54E464546DE465746E0B595B09B46B5
:10B7540020AB1B781E9F0B93229B1F9D99463B0099
:10B764008046239E09910A922B4308D1269A1033CE
:10B774009A431300269A0024269352052CD4269A21
:10B784006123920642D40A2252429246DBB200243A
:10B794009A440EE01F21303204ABD2B201345B185C
:10B7A4001A55AE4218D8AE4232D0202C14D007001D
:10B7B40065464A4633003800290001F057F8D2B2F2
:10B7C4008C46092AE6D91F21524404ABD2B2013473
:10B7D4005B181A55AE42E6D9269B40460693259B34
:10B7E4000A9A0593249B099904934B4603930B9B54
:10B7F400019402930CAB00935B46FFF75DFE15B01A
:10B80400F0BCBB46B246A946A046F0BD4123BAE708
:10B81400B945CAD9E0E7C046F0B5DE4657464E46BC
:10B824004546E0B591B09A461A9B8B4699461B9BB8
:10B8340007909846089243464A464846414601F0D6
:10B84400A0FA002800D0A5E0012248464146D74B83
:10B85400524201F091FA002800D09BE001224846B0
:10B864004146D34B524201F071FA002800D091E0D6
:10B87400002200234846414601F068FA002800D01F
:10B884008BE14E46474680231E9ADB001A400D92F8
:10B894001E9A1A4201D106231C9333000A960B9771
:10B8A4003B4300D08FE01E9B1B0500D563E10023C2
:10B8B400042409931D9B00259C4200D21D1B0223D6
:10B8C4001E9A1A400C921E9A134203D0634263419B
:10B8D4005B421D40099B002B07D00A9A0B9B30004A
:10B8E400390001F0D2F906000F0000220023484677
:10B8F400414601F02BFA002803D0802109067B1869
:10B904001F001E9AAB4B009601971340079E0493A9
:10B914001C9B089A0395029359465346300090465F
:10B9240000F078F90500002C45D01E9B2A009806EB
:10B934001F23C0179843594653466530B047052323
:10B9440005930023099903930A330293CB0F0193C0
:10B95400CB17C81858406F1C013C534600903A005E
:10B96400594630000494FFF78FFE0C9B0500002B12
:10B9740021D04346C41A1D9BA3421CD937001E0084
:10B984002A005346594620200134B8470135B442B1
:10B99400F6D310E01E9B4A4604931D9B594603931D
:10B9A4001C9B079802934346009201935346089ABE
:10B9B40000F030F90500280011B0F0BCBB46B246D7
:10B9C400A946A046F0BD7C4B78009C46400D6044DF
:10B9D40001F0EAF9794A7A4B01F075F9794A7A4B20
:10B9E40001F04AF9794A3B031B0B1A4304000D008A
:10B9F4000A981100764B002201F035F9754A764B0E
:10BA040001F061F902000B002000290001F034F973
:10BA140001F0E2F9099001F0C7F9704A704B040093
:10BA24000D0001F050F900226E4B01F025F901F0F0
:10BA3400D3F96D4A6D4B29000C90200001F043F9B5
:10BA440004000C980D0001F0AFF9694A694B01F04C
:10BA54003AF902000B002000290001F004F9020069
:10BA64000B0004000D0001F02EF922002B000A90B7
:10BA74000B912000290001F0FFF800220E900F9195
:10BA84000A980B995C4B01F000F900225B4B01F022
:10BA9400F3F802000B000A980B9901F0F6F8002263
:10BAA400574B01F0E9F802000B000A980B9901F0DA
:10BAB400ECF80A900B91802122002B000020C9058C
:10BAC40001F0D1F802000B000A980B9901F0D4F8A8
:10BAD40002000B000E980F9901F0D7F800223B4B9F
:10BAE40001F0CAF8474B0C9C9C4664442305002291
:10BAF40001F0E9F832003B0004000D0001F03CF9CC
:10BB040000282CD10A940B95C624099B63339C42CC
:10BB1400A4411E9B644204341B0500D4CAE60A9A5D
:10BB24000B9B1100194328D030003900364A374B9B
:10BB340001F01AF9002807D0002230003900344BF4
:10BB440001F004F9002818D11C9B002B00D1B1E6A8
:10BB54000D9B5A1E93411C9AD31A1C93AAE6099B67
:10BB64000022013B099320002900244B01F08DF8A9
:10BB74000A900B91C8E7002309931C9A099B9A42E7
:10BB840011DDD01A431E1C9380231E9ADB001A4336
:10BB9400002300241E9209938CE680231B06434451
:10BBA4004E461F006FE600231C93EDE7FFFFEF7F77
:10BBB400FFFFEFFFFFF7FFFF01FCFFFFFB799F5043
:10BBC4001344D33FB3C8608B288AC63F0000F03FBC
:10BBD4000000F83F61436F63A787D23F71A37909DF
:10BBE4004F930A400000E03F1655B5BBB16B0240CD
:10BBF400EF39FAFE422EE63F00002C4000002440BC
:10BC040000001840FF0300002D431CEBE2361A3FEE
:10BC140080842E41F0B54E46DE4657464546E0B593
:10BC240097B09946209E219F229B83469846079170
:10BC34000C923B0032003000390001F0A2F80028D9
:10BC440000D0A9E1012230003900CA4B524201F070
:10BC54007DF8002800D0E1E0012230003900C64B15
:10BC6400524201F089F8002800D0B7E000223000E9
:10BC74003900C24B01F080F8002800D099E000227E
:10BC840030003900BE4B01F061F8002800D090E08C
:10BC9400002200233000390001F058F8002800D0B9
:10BCA400B1E000230D93249B5B0501D40623984641
:10BCB40008AB9C461722002430234146624404E02A
:10BCC400013413550139202C01D00929F8D88846AC
:10BCD4003000390001F080F84346DA00A94B050032
:10BCE4009B181A685B680892099301F05DF80200DA
:10BCF4000B003000390000F0B6FF089A099B00F0F1
:10BD0400E2FF0A900B9101F08BF8824601F048F8AB
:10BD140002000B000A980B9900F0A5FF00229A4B31
:10BD24000A900B9101F028F8002800D1C0E001230B
:10BD34009C46E244504601F033F802000B00089898
:10BD4400099901F009F8002802D000239A46013528
:10BD54004346002B6AD008AB17269C4608956644D8
:10BD6400554614E001235B4243440A2128009A46C5
:10BD740000F03EFD013430313719397028000A21B2
:10BD840000F036FD092D00D8D0E0D0460500202C67
:10BD9400E8D10EAB98460323249A1340012B00D11B
:10BDA40096E02023249A01930392239A4346029215
:10BDB4001EE0249B58460493239B0096019703930B
:10BDC40043460C9A029307994B46FFF725FD17B09B
:10BDD400F0BCBB46B246A946A046F0BD249B5B0717
:10BDE4000ED40322694B2499019203912399029161
:10BDF400009358464B460C9A0799FFF70FFBE6E76A
:10BE04000422634BEFE73B0032000020002100F0E6
:10BE14002AFF012306000F000D9344E7249B03939C
:10BE2400239B0293042301935A4BE1E7280000F07B
:10BE3400BBFF02000B003000390000F014FF524B2E
:10BE4400002206000F0000F081FF0EAB9846002888
:10BE54000AD10022300039004B4B00F08DFF00283E
:10BE640002D1EB0700D50135202C94D008AA9446C2
:10BE74001723280063440A2101341E1900F090FCA2
:10BE84003031280031700A2100F08AFC051EEBD104
:10BE94000323249A1340012B1BD0202C00D180E7CC
:10BEA4000D9B002B35D02D224146631C0A5579E7A2
:10BEB40000220A980B99344B00F048FF002800D068
:10BEC40046E75346002B51D101239C46E2443FE709
:10BED4002024239B002BE0D00D9B002B03D1249A1C
:10BEE4000C33134202D0239B013B2393239BA34295
:10BEF400D3D908AB9C46172230236244202C00D1AE
:10BF04004FE72399013413558C42C6D0202CF8D125
:10BF140047E7249B5B0724D4249A2300120700D408
:10BF240040E72022414601330A553BE75746089D26
:10BF3400202C00D12DE7220030214046002F09D0CB
:10BF44000132B154202A00D123E7D3431B191B1813
:10BF5400002BF5D10EAB98462E234146541C8B542E
:10BF640082E72B224146631C0A551BE7DB0700D4FA
:10BF7400EEE6A9E7FFFFEFFFFFFFEF7F65CDCD41C1
:10BF840065CDCDC1784E01200000E03F804C0120FA
:10BF9400844C0120904C0120249B0393239B029307
:10BFA40003230193004B23E78C4C012010B5002898
:10BFB40000D110BD02F0D4F9FBE7C0460B0010B568
:10BFC400002802D049681B68984710BDF0B5574651
:10BFD400DE464E464546E0B595B01C001E9B914694
:10BFE4009B46C84AC84B82460F1E1A6000D1CFE157
:10BFF400002320789846002800D1D1E11E005B463A
:10C004000B9309E032004B463900751CD0472E00D3
:10C014000134207800284AD02528F3D110239B46E8
:10C024000C3B9846023B00229C46013420782500B4
:10C034000300203BDBB2102B03D8B4499B00CB5840
:10C044009F460300303B092B55D9002398462A28E4
:10C0540064D000242E283FD00300683BDBB2122BAF
:10C0640008D8AB499B00CB589F4680235B00687877
:10C074001A4301350300253BDBB2532B57D8A5499E
:10C084009B00CB589F46012301341A43CEE76346F5
:10C0940001341A43CAE7434601341A43C6E75B46F0
:10C0A40001341A43C2E7082301341A43BEE7B046F9
:10C0B4003400C14503D801235B424B4498464B46A8
:10C0C400424639000020D047200015B0F0BCBB46E2
:10C0D400B246A946A046F0BD687880230100DB0083
:10C0E40030391A436B1C092900D85BE12A2800D196
:10C0F40068E11D00B0E7002398460300414688002C
:10C10400401801354000C0182B7801001800303861
:10C1140030390928F3D9180088469AE70B9B02CBDB
:10C12400884600290CDB60780B93651C91E7731C2F
:10C13400984632004B463900D04746466C1C68E7A7
:10C1440002210A4341464942884660780B93651CA4
:10C154007FE7782800D16DE1582800D197E16F2856
:10C1640000D158E2622800D18CE2102311009943D7
:10C174000B00692800D0A6E2520500D533E20A225A
:10C184000C929A0500D5FEE1DA0500D55FE25A0665
:10C1940000D52BE20B9A11001A0600D481E204C9DF
:10C1A4008C4612B2D11750184840614680B20B91A8
:10C1B4000593434604930C9BD20F0394029301927C
:10C1C400009032004B4639005046FFF75DFA6C1C74
:10C1D40006001EE780239B0068781A43013549E76F
:10C1E4006878682800D15EE1802301351A4341E76D
:10C1F40068786C2800D15BE180235B001A43013529
:10C2040038E7462800D112E107210B9B049207333B
:10C2140042468B431900029403920CC95046009283
:10C2240001930B9132004B463900FFF7F3FC6C1C71
:10C234000600EEE60B9B02CB0B910D93002C00D075
:10C24400C9E00B789C46002B00D133E202235B4209
:10C254000B990133C8180B0002E0984200D12DE17C
:10C26400597801330029F8D10B995B1A0C93802378
:10C274001100DB0019400E911A4203D00C9BA3421B
:10C2840000D90C940223190011400F91134200D1DC
:10C2940054E16046002800D13BE10B9B32009E1B19
:10C2A4004346AB46B8460E9D57460B93B24626000E
:10C2B40000E02200002D04D0731E002E00D101E105
:10C2C4001E004B464146541CB8475346185D00288F
:10C2D400EFD10B9B5D46BA46A346474698460F9B53
:10C2E400002B00D014E10D9B5E466C1C0B9390E672
:10C2F400731C984632004B4639002520D0474646E9
:10C304006C1C86E69DBD002094CD0120984C012034
:10C31400DC4C0120284D01200B9B039498462123DB
:10C324001A43193B049308330293002305924246AF
:10C33400019308CA39009046009332004B46504698
:10C34400FFF7A2F9434606006C1C0B9361E69307C2
:10C3540000D4BEE00B9B320001CB39009B46C0B237
:10C364004B46D0474346741C4644012B00D84DE14C
:10C37400A846554622004B46013439002020A847E0
:10C38400B442F7D1AA465B4645460B936C1C40E683
:10C39400CE4B20789A4600239846002800D02DE6FC
:10C3A400002486E60100A000001901334000401873
:10C3B400197830380400080030380928F3D9080007
:10C3C4001D0049E60B9BA87810CB0235E143C91741
:10C3D4000C400B9340E60B9B1B789C46002B00D132
:10C3E40067E1631E34E7202301009943472904D100
:10C3F40080231B011A4302239843452801D120239B
:10C404001A4307210B9B0492073342468B431900BE
:10C41400029403920CC95046009201930B9132008E
:10C424004B463900FFF7F8F96C1C0600F1E52023B0
:10C434001A43E9E610230C930C23110099430B00D3
:10C4440052052DD4692800D19BE6642800D198E6D2
:10C454008022180092001040134200D0E6E0DA0572
:10C4640000D512E10B985A0600D5C8E01A0600D48C
:10C4740022E104C81204120C0B9005934346049362
:10C484000C9B0394029300230092019399E60C23DE
:10C494001100994314330B4310210C915205D7D545
:10C4A40001229343CEE7C023A8781A430235E1E57D
:10C4B400C0239B00A8781A430235DBE50B9BC31A03
:10C4C4000C93D4E60B9B5D46BA4693464746984682
:10C4D40005E74346012B00D8F3E0741E4444A84604
:10C4E400554632004B46013639002020A847A64263
:10C4F400F7D1AA4645460B9B220001CB390098464A
:10C50400C0B24B46D0474346661C0B936C1C80E577
:10C514005E460C9A904534D943469B199B1AA8460B
:10C524001C00554632004B46013639002020A847EE
:10C53400A642F7D1AA46A3464546D4E60C9A531C14
:10C54400904500D8BBE043469B199B1A9B46534633
:10C55400A2465C46AB461D0032004B46013639000C
:10C564002020A847A642F7D1434601330C930B9BE6
:10C5740054461B78AA469C465D466046002800D077
:10C584008BE6B346AFE6082107208C460B9A0732A8
:10C594008243944405CA0893434607930C9B61461F
:10C5A400049300230593D30F0293D317109311938D
:10C5B4000B910694109B119C19004140129121008B
:10C5C400514013911299139AC91AA24113000A00F7
:10C5D40000920193390032004B465046FFF7B0F801
:10C5E4006C1C060015E50A220C9259E70B9A01CA45
:10C5F4009446FF226146024010000B91D8E504C81E
:10C604009446FF2261460B900A4036E75B462600BB
:10C614000B936C1CFDE408230C9313001A0064288C
:10C6240000D009E75A0500D4ABE539E7089343463F
:10C6340007200B9A07930C9B073282430493002331
:10C6440011000694059302930CC90B91C0E70B9A51
:10C65400110004C9059343468B4604930C9B039431
:10C664000293D30F0193D317D2185A4000924B462A
:10C67400320039005046FFF707F85B4606000B937B
:10C684006C1CC6E402230C93C7E70593434604934A
:10C694000C9B0B9A03940293019008CA934600934F
:10C6A400E5E704C98C46D1175018484061460B9100
:10C6B4007EE500230C93DAE504C80B90DDE60C93C9
:10C6C4005BE7340017E70A220C92A7E7E9B10020E0
:10C6D40000B585B003910121029000930348130033
:10C6E4004A4202A9FFF772FC05B000BD8DBD0020CF
:10C6F40010B5094A0300146884B0002C08D0012244
:10C7040000910648524203A9A047012004B010BD7D
:10C7140001F034FE0020F9E794CD01207DBD002016
:10C7240001480421014B1847705801202DC50020F1
:10C73400014B9B681847000070580120142310B562
:10C744000100188804331B88984710BD162310B5C0
:10C754000100188802331B88984710BDF8B5474676
:10C76400CE4680B50F1E19D0142399460433040015
:10C774000025012698464B461888434621681B88A5
:10C78400984701C4431E9841013540420640AF42D8
:10C79400F1D13000C0BCB946B046F8BD0126F8E777
:10C7A400124A936F9B0815D29066D166002905D072
:10C7B400FFE7FFE7FFE7516F106F704704B5802173
:10C7C4000906C2175140002800D0C84305F09EFD59
:10C7D400002104BDF0B5146E556E576F166FFFF748
:10C7E400E3FF1466556657671667F0BD000000D076
:10C7F400114A936F9B0813D210665166002905D025
:10C80400FFE7FFE7FFE7516F106F704704B500289B
:10C8140001D00020C04305F079FD002104BDC046CD
:10C82400F0B5146E556E576F166FFFF7E5FF14667B
:10C83400556657671667F0BD000000D094464A4A13
:10C84400926F9208624601D228E0C046F0B5464E87
:10C85400346E756E776F366F00F020F89446424A56
:10C8640014665566576716676246F0BD94463E4A9D
:10C87400926F9208624601D254E0C046F0B53A4E37
:10C88400346E756E776F366F00F04CF89446364A06
:10C8940014665566576716676246F0BD002B24DBA5
:10C8A40011D000293EDA00B5C943404200D101311C
:10C8B40000F038F8C943404200D10131DB43524211
:10C8C40000D1013300BD002AEBD1002801D1002999
:10C8D40005D00020C90FC90701D1C043410800B5E4
:10C8E40005F014FD0022002300BD00B500290ADB79
:10C8F400DB43524200D1013300F014F8C9434042F3
:10C9040000D1013100BDC943404200D10131DB43B4
:10C91400524200D1013300F005F8DB43524200D10A
:10C92400013300BD002923D1002B18D1002A0CD0DB
:10C93400BC460D4F38667A6600210023FFE7FFE707
:10C94400FFE77A6F386F67467047002801D00748C1
:10C95400010000B505F0DAFC0022002300BD02004E
:10C964000B00002000217047000000D0FFFFFFFFF4
:10C97400002B00D0BFE0130C28D1002AE7D080B4EC
:10C98400114F39667A66FFE7FFE730B4040C7B6F1A
:10C99400396F1B0423433B667A66FFE7FFE7FFE733
:10C9A400C04684B27B6F3D6F1B0423433B667A66AB
:10C9B400FFE7FFE7C04600232C042D0C7A6F386F85
:10C9C40000196941B0BC7047000000D0F0B594462E
:10C9D4000025140E01D112020835140F01D11201E1
:10C9E4000435940F01D192000235D40F01D15200C5
:10C9F4000135D40B0134254F7C66254C3C660E0C66
:10CA040093B2FFE7FFE7FFE73C6F6643360C77031B
:10CA1400BE467343DF0B5B04C01AB941130C734366
:10CA2400DB18C91ACE086643360CB64493B2734376
:10CA34001F0F1B01C01AB941130C73431F0B1B05B5
:10CA4400C01AB941860D8F023E436643360C092D48
:10CA540024DB520A7243801A7703460A6643360C73
:10CA640016235B1BDE40DF40BF1964466643821B0E
:10CA74007046043506330100D940A840C01900D3DC
:10CA84000131A24206D20023F0BD0000000000D014
:10CA9400FFFFFFFF121B0130F3D3F1E709277F1BD0
:10CAA400FE406446A2B27243801A00D20139220CBD
:10CAB4007243130C1204821A99410B007046043518
:10CAC40013370100F940A840801900D30131002B2D
:10CAD40002D1A2420AD2F0BD013000D30131121BAF
:10CAE400FAD2013BF8D1A24200D2F0BD013000D30A
:10CAF4000131121BF7E7F0B51C0C00D080E00CB438
:10CB040000251C0A04D11B02160E334312020835F9
:10CB14001C0B04D11B01160F3343120104359C0B6B
:10CB240004D19B00960F334392000235DC0B02D1F3
:10CB340092185B4101351C00971864410134464F3B
:10CB44007C66464C3C660E0CFFE7FFE7FFE7C046F9
:10CB54003C6F6643360C7703BE4697B27743C01BDF
:10CB640000D20139C01B00D201399FB27743C91BDF
:10CB7400C91B170C77437E04FF0B801BB941CE08F9
:10CB84006643360C0C2D33DBB644120B1F053A43B7
:10CB94001B0B97B27743C01B00D201399FB2774376
:10CBA400C91B170C77433E043F0C801BB941860D0B
:10CBB4008F023E43664329277F1BFE400C3D774688
:10CBC400AF40BF1930BCA2B2ABB272437343801AF8
:10CBD4009941220C7243130C1204801A99410200E9
:10CBE4000B000137001BA941F9D2781E0021F0BDCA
:10CBF4000C277F1BFE4077467F0BAF40FF19E0E711
:10CC040000245D1C07D0144F7D663966FFE7FFE7FB
:10CC1400FFE7FFE73C6F95B29EB265436643401B56
:10CC2400B141150C1E0C6543664336042F0C3E437C
:10CC34002D04401BB141994204D202000B00200094
:10CC44000021F0BD01D19042F7D3801A99410134FB
:10CC54009942F2D3F6E70000000000D0FFFFFFFF87
:10CC640048404140484018B41B4B5B68FC46019364
:10CC740008BD04DFE3CC002018B4174B1B68FC4646
:10CC8400019308BD00DFEDCC00209446134A926F57
:10CC9400920809D2624618B40F4BDB68FC46019334
:10CCA40008BD0CDFA5CF00200C4AF0B5146E556EFC
:10CCB400576F166F6246FFF7EEFF084A1466556613
:10CCC40057671667F0BD18B4034B9B68FC46019385
:10CCD40008BD08DF49CE002034DE0220000000D069
:10CCE400FFB550404240504059404B40594000E04D
:10CCF400FFB5154F4C00640D03D0BC4204D10C03A6
:10CD040014D80020090D09055C00640D03D0BC4251
:10CD140004D11C030AD800221B0D1B0501264B401D
:10CD240009D44B4003D58B4200D18242FFBD9942C6
:10CD3400FCD19042FFBD0B43DB1803431343F5D0F2
:10CD4400C9434918FFBD0000FF07000000B5FFF705
:10CD5400CFFF804100BDC04600B5FFF7C9FF01D930
:10CD6400002000BD012000BD00B5FFF7B9FF01D9C7
:10CD7400002000BD012000BD00B5FFF7B1FF8041D8
:10CD840000BD012040054A00121804D85A001218A8
:10CD940001D8002070470120704700207047000030
:10CDA4000021002805D17047C1174840401AFAD025
:10CDB400C90713B5064B1B6898470CBC441CA2401A
:10CDC4001005120B0349091B09051943114310BD32
:10CDD400A8D701201F04000010B54C00620D802369
:10CDE400D218DB00D21A5B057E2A10DD9E3A13DAD4
:10CDF400CC170903490819435242D1406400013455
:10CE04001532202A05DAD0400843604310BD0020C3
:10CE140010BD0846604310BDC80FC018013810BDCE
:10CE240018B4044B5B6AFC46019308BD24DF55D15A
:10CE34000020000034DE022018B4044BDB6FFC46F3
:10CE4400019308BD7CDFD5D10020000034DE022030
:10CE540018B4044BDB6CFC46019308BD4CDF81D352
:10CE64000020000034DE022018B4044B1B6DFC4685
:10CE7400019308BD50DF1DD40020000034DE0220E1
:10CE8400132370B51C78012C15D010DD0F48FFF763
:10CE94005DFC0F4D01008022280001F049F9022CAD
:10CEA40006D00C48FFF74AFC0B4B186070BD084DC8
:10CEB4000A4AAA64F5E7064D084A29002B00803186
:10CEC40004C38B42FCD1AA64EBE7C0465344000080
:10CED40034DE02204C330000A8D70120B1CC00205E
:10CEE40007B5604601880A0A0230DF2AFAD1C9B2BE
:10CEF400820804D3028840880004104300E00068DC
:10CF0400014A5050039007BD34DE02200FB403BC25
:10CF14000CBCF0B50124E407634000E0F0B50C0D4F
:10CF2400CF0F661E3605891B640503D3C9434042EF
:10CF340000D30131640D03D0661CF60A07D0E41B4C
:10CF440000207F00791C89078912803C24031D0D71
:10CF5400DF0F6E1E36059B1B6D0503D3DB43524268
:10CF640000D301336D0D03D06E1CF60A07D0ED1B00
:10CF740000227F007B1C9B079B12803D2D032F1BEF
:10CF8400661B58D4A446202E46DA20371400BC4031
:10CF94001D00BD40F24033412A4380185941CB0F54
:10CFA40005D0C943C0430022644250415141624606
:10CFB4004D0D28D10D0D07D100281FD02419404153
:10CFC4004941013A0D0DF9D0640006D3013000D374
:10CFD4000131002C01D140084000013A0BD4941CCB
:10CFE400E40A04D112051144DB071944F0BDD90742
:10CFF400204B194300E0D9070020F0BD0029DDD102
:10D00400002CDBD1F0BD0132C6074008CD07284310
:10D014004908002EE1D0D9E73C2E29DA203E4037DA
:10D024001400BC4000D00124F24014431A00BB4059
:10D034001C43D317ACE7AC46202F08DA2036040093
:10D04400B4400D00B540F84039412843A5E73C2FD2
:10D054000CDA203F40360400B44000D00124F840EC
:10D0640004430800B1400C43C117EAE7100019005B
:10D07400002494E70000F07FF0B50C0D661E360521
:10D08400891BE60A6405640D02D0651CED0A04D010
:10D09400002001210905803C2403A4461C0D671EC1
:10D0A4003F05DB1BE70A6405640D02D0651CED0A2D
:10D0B40004D0002201231B05803C240377406444F0
:10D0C40097B484B296B27443070C7E43150C6F4335
:10D0D40080B26843361802D3012000043F1830049C
:10D0E400350C00197D41844688B29AB250430C0C29
:10D0F40062431F0C7C438EB27E43921902D30126F5
:10D104003604A4191604170C3618674101BC81B201
:10D114009AB25143040C62431B0C5C4380B25843E3
:10D12400121802D30120000424181004130C401810
:10D1340063412D185E410020474106BC88B293B27A
:10D1440058430C0C6343120C544389B251435B188B
:10D1540002D301210904641819041A0C0918624144
:10D164006D1856410020474118BCF902720D114355
:10D17400F0026A0D1043ED020A0D03D16D1940410E
:10D184004941013B124E9B1B7600B3420ED26D0007
:10D1940007D30130002671416646354301D140086A
:10D1A40040001B05C918E4072144F0BD0BDA013324
:10D1B40006D1013004D101314F0D01D04908F2E705
:10D1C400E1070020F0BD013631050020EBE7000047
:10D1D400FF030000F0B51C0D671E3F05DB1BE70ACB
:10D1E4006405640D02D0661CF60A04D000220123F3
:10D1F4001B05803C2403D0252D060026F6432E660D
:10D204001E096E66CE0FF619B44649004F0D02D0C2
:10D214007E1CF60A03D000200021403F3F033E1B42
:10D22400B600B444013F7F05C91B49082E6F01367F
:10D2340076089C02950D25437543ED137543AD1394
:10D2440001356D10F603761B0CB4CC02450D2C434E
:10D25400A2B2B3B25A43270C7B43350C6F43A4B23A
:10D264006C431B1902D3012424043F191C041D0C14
:10D27400A4187D4124196D41009A91B2ACB2614366
:10D28400170C7C432B0C5F4392B25A43A41802D36D
:10D2940001221204BF182204230C52187B41019C62
:10D2A4006C431B19520ED9010A434401A01A81B2DE
:10D2B400B2B2514303145A43360C734387B27743D3
:10D2C400D617D21900277E4136049B191704160C71
:10D2D4007F185E417316ED18F30100268033754103
:10D2E400A90F06D16400690AE8055B0A184309D24C
:10D2F4002FE00422944480337541A90AA8059B0AAF
:10D30400184326D3404149412404009A019B0D004F
:10D314005543641B4343E41A95B286B27543170C14
:10D324007E43030C5F4392B25A43B61802D30122E0
:10D334001204BF183204330C52197B4152429C41EF
:10D34400002C02D40022013051414008CA07104386
:10D35400490802B06246D7079210084BD218084B0E
:10D364009A4203D212058918C919F0BD0020002A77
:10D3740001DC3900F0BD01331905F5E7FD030000B8
:10D38400FE070000002200B5203200F004F8080077
:10D3940000BD000000220B150AD410B5944600F01D
:10D3A400A7F81414013400DA0021CB17144C2047D9
:10D3B4000020002170476244343A0CD40C2A07DA66
:10D3C40004009140904052422032D440214310BD89
:10D3D400D843D94310BD203207D40C46944052425E
:10D3E40020321141D040204310BD0800C91720321B
:10D3F40003D452422032104110BD1800190010BD50
:10D4040087D100204A00520D144BD21A13DDFF2A93
:10D414001EDAD205CB0FDB071A43C300400F090302
:10D42400490A084310435B0001D301D0013070471F
:10D434004308FBD2704702D0C80FC00770470A03E5
:10D4440012130132F8D1420F072AF5D1012200E06C
:10D45400FF22C80F00028018C00570478003000037
:10D4640000210A00002104E000210A00C11704E0A1
:10D474000022002306E0C0460022CB175840594042
:10D48400C01A994130B5184CA21A002903D10100E1
:10D4940010D00020203A4C1512D104D2013A0018C1
:10D4A40049414C0DFAD3114CA24204D212058918F9
:10D4B400DB07C91830BDD243520D00200021F5E727
:10D4C40003D4013A00184941FBD50B324405C00A84
:10D4D4004D052843C90A640003D00024604161411A
:10D4E400E1E7E0D34408F8E732040000FE07000057
:10D4F4000A0DCC0F531E1B05C91A520503D3C94389
:10D50400404200D30131520D03D0531CDB0A07D033
:10D51400121B00206400611C89078912803A1203DF
:10D52400014BD21A70470000FF030000023225D4D9
:10D534000C2A1CDA1125AD1A0B002B4108320735D1
:10D544000600EE40904091403143F0CC63431A15FD
:10D5540000235A41554356435743BF02F4127605FC
:10D5640076196741ED177F19801BB94170470C226A
:10D574000020C917490001310905DBE70902030E40
:10D58400194300025342203208D40C00194194403C
:10D59400D840204300225041514170470800C91728
:10D5A400203B2032F1D500200021002270470000EA
:10D5B400F0B5FFF79DFF54A4FFF7B8FF002904DA84
:10D5C400204C214D00196941013A04B4012752A6A7
:10D5D400002201239B0730CEB446001BA9410BD483
:10D5E4007E4220361D003D411C00B4401600FE4022
:10D5F400344362416B4101E00019694166460137D9
:10D60400212FE8D185B29EB2754307147E43190CCD
:10D614004F4384B24C43F117361900246141090485
:10D624007F183404310C64197941A40F8800204315
:10D6340089178018594104BC52423E32FFF71DFF3E
:10D64400F0BD00006BDE73F4FD855C2CF0B54F007B
:10D6540050D27F154ED001374FD0FFF749FF04B4A5
:10D664004902C20D1143400201272BA6B4460022F1
:10D6740000237E4220360D003D410C00B4400600DC
:10D68400FE40344344414D41AE0F05D120002900F2
:10D69400664630CE121BAB410824A4440137212F27
:10D6A400E7D18900891012184B4180BC17A413CC10
:10D6B4000137784379437C434F05C912CD17C0190C
:10D6C4006941A702A415CD17C9196C41DD1780184B
:10D6D40059416C413E22CD17AC4208D000090E07D7
:10D6E40030430909260731432411043AF3E7FFF7CD
:10D6F400C4FEF0BD02490020F0BD02490020F0BD87
:10D704000000F0FF0000F07FAAB800006BDE1300F9
:10D71400A3EF0F0021170B00F34B98BFEC23F31971
:10D72400D6104DCDE3FB470E7AB9BC8ADBC189071D
:10D73400CC542C021846E103053083E7B029F801E4
:10D744001E1FE0874505FE00249E41ACA9807F0092
:10D754008117624515E03F00E610ABA902F81F00EF
:10D764008858455500FE0F00C4AAA90A80FF070087
:10D7740056455501E0FF0300ABA92A00F8FF01005C
:10D7840045550500FEFF0000AAAA0080FF7F0000A7
:10D79400551500E0FF3F0000AB0200F8FF1F00003A
:10D7A400550000FEFF0F00000B0080FFFF07000084
:10D7B4000100E0FFFF0300000000F8FFFF0100008C
:10D7C4000000FEFFFF0000000080FFFF7F0000005C
:10D7D40000E0FFFF3F00000000F8FFFF1F00000013
:10D7E40000FEFFFF0F00000080FFFFFF07000000A6
:10D7F400E0FFFFFF03000000F8FFFFFF010000004F
:10D80400FEFFFFFF00000000000000800000000099
:10D81400000000400000000051434343C9188C46F7
:10D82400110C83B24B4310B4040C614392B280B226
:10D83400504362431C041B0C001910BC59411304CF
:10D84400120CC018514161447047000048404140E7
:10D8540048400E4B5B6818470C4B1B6818470C4A32
:10D86400936F9B0802D2094BDB681847F0B5146E1E
:10D87400556E576F166FFFF7F6FF054A1466556627
:10D8840057671667F0BD014B9B68184734DF0220C9
:10D89400000000D007B548404140484001E0C04680
:10D8A40007B54200120E03D0FF2A03D1420218D852
:10D8B400C00DC0054A00120E03D0FF2A03D14A024C
:10D8C4000FD8C90DC9050122414005D4414001D5F5
:10D8D400814207BD884207BD0143491801D0C043B6
:10D8E400001807BD00B5FFF7DBFF01D0002000BD25
:10D8F400012000BD00B5FFF7D3FF804100BDC04645
:10D9040000B5FFF7CDFF01D9002000BD012000BD07
:10D9140000B5FFF7BFFF01D9002000BD012000BD05
:10D9240000B5FFF7B7FF804100BD01231B0642008D
:10D93400D21804D84A00D21801D800207047012018
:10D944007047491A002807D108467047C10FC90714
:10D9540000D54042002817D0F44603B40B4B1B6893
:10D96400984706BC81409E384042803107D20B065E
:10D9740007D04900490AC0051043084360470130F5
:10D98400F8E7490A8902F5E770470000A8D70120A3
:10D9940041000A0E80231B067E2A0BDD9E3A0BDA19
:10D9A400C1174002400818435242D0404900013197
:10D9B4004843704700207047C00FC01801387047B3
:10D9C400C0420DD300B540004008002100F012F819
:10D9D400002801D4404200BD8020000600BD0000A4
:10D9E400034BDB69FC4618471CDF01DE0020000006
:10D9F40034DF0220014B5B6A1847000034DF022049
:10DA0400014B1B6B1847000034DF0220034BDB6F14
:10DA1400FC4618477CDF19DE0020000034DF0220BA
:10DA2400C11502D4054B9B691847C843FF2801D18F
:10DA3400C0077047C817C0057047000034DF0220D4
:10DA44004100090E862902DA044BDB6B18470449AE
:10DA540000B500F0D1FA02BC8E46F5E734DF0220AF
:10DA6400DB0FC9404100090E862902DA044B1B6C06
:10DA74001847044900B500F0BFFA02BC8E46F5E72A
:10DA840034DF0220DB0FC940014BDB6C1847000078
:10DA940034DF0220014B1B6D1847000034DF0220E5
:10DAA400132310B510481C78FEF750FE0100012C1A
:10DAB4000AD003DD80220D4800F03AFB0C48FEF743
:10DAC4003DFE0C4B186010BD084C5422200000F0A1
:10DAD4002FFB23002100084A5433803104C38B42B6
:10DAE400FCD12262E261E9E75346000034DF022000
:10DAF4004C330000A8D70120D5DD0020F8B54746F7
:10DB0400CE46050080B516000F009846002A2CDD8D
:10DB14000120C9114042FEF76BFE002281461D2000
:10DB240033000C2E00DD0C2349466C129D404C43FF
:10DB3400C11A0C41AC4601346410250061469A4078
:10DB44007D4312194D1BF61A002EE9DCAF420FDC9F
:10DB5400E81B874215DCC01B02324346002B00D071
:10DB64001A60C0BCB946B046F8BD884207DA002244
:10DB7400281EF2DA781908D5C019023AEDE7002216
:10DB8400E81B01320028E8DAC019013AE5E7C0468B
:10DB9400F0B5D6464F4646460C00C0B5051C0129D3
:10DBA40053D0CE0F76187610012E46D00327CA170D
:10DBB40017407F18BF10012F37D0072313405B187D
:10DBC400DB109846012B2BD00F2313405B181B113D
:10DBD4009946012B1BD01F2313405B185B119A46F7
:10DBE400012B0BD03F210A4012199111FFF7D0FFEE
:10DBF400011CFFF748FE5346DB072FD4011CFFF737
:10DC040042FE4B46DB0702D5291CFFF73CFE011CF4
:10DC1400FFF739FE4346DB0702D5291CFFF733FE25
:10DC2400011CFFF730FEFB0714D4011CFFF72BFE89
:10DC3400F30702D5291CFFF726FE011CFFF723FE7C
:10DC4400E30702D5291CFFF71EFEE0BCBA46B14625
:10DC5400A846F0BD291CFFF716FEE6E7291CFFF7CE
:10DC640012FECBE7F8B50400061C0D1C002817DAD9
:10DC74004B001B0E7F3B0ED41722D31A0BD4012169
:10DC84000A009A40013A2A4205D1172B2DD02A00C6
:10DC9400DA40114229D180231B069C466444261C89
:10DCA400281CFFF775FEE20D07000100002A03D0CF
:10DCB400FF2A01D0640230D0002F41D03B00203332
:10DCC400402B1DD9301CFFF7A1FEFFF7CDF806004D
:10DCD4000F00281CFFF79AFE32003B00FEF7F3FF0B
:10DCE400FFF7B6F8FFF7A8F809E080231B06E01851
:10DCF400291CFFF7B7FF80231B069C466044F8BD30
:10DD0400002F06DAFE20311C8005FFF7A8FD7942BA
:10DD1400061C301CFFF73CFFF1E70F4887420ADA84
:10DD24007F3A504303007F33002B12DDFE2B0ADDC4
:10DD3400FF20C005E3E73800FF2FF1DDFF20EFE708
:10DD4400FE208005DBE7FE239B059C46C00560445E
:10DD5400D5E70020D3E7C04600FFFFFF10B5FFF76B
:10DD640099FE0249FFF78FFD10BDC046D95BDE3E28
:10DD7400F8B5CE4647460D1CFE2180B58905041C26
:10DD8400FFF7B0FD261C00282BD1EB0DFF2798468A
:10DD94003B40994643461F4228D05C49201CFFF76C
:10DDA400A1FD002825D04B46FF2B1FD04346FF2B57
:10DDB40040D0574B984537D07F224B4652429B1850
:10DDC40038D4524A1721CB1A002B05DD1639994055
:10DDD4000B00013B2B4267D1291C201CFFF742FF9B
:10DDE400061C301CC0BCB946B046F8BDFE26B605BC
:10DDF400F7E73900E30D220019401F4216D17F22B4
:10DE04004B465242002D18DB9A180DD417239B1A47
:10DE14000AD4012002009A40013A2A4204D1172B65
:10DE2400DFD0DD402842DCD10026DAE7FF2B1AD10F
:10DE3400002DF9DBFF26F605D3E79A18FAD4172349
:10DE44009B1AF7D4012002009A40013A2A42F1D1E8
:10DE5400172B02D0DD402842ECD0FF26E00FC0078C
:10DE6400F6050643BDE72A48834245D17F224B4647
:10DE74005242002D2EDB9A18DCD417239B1AD9D4D6
:10DE840001229A40013A2A42D4D1172B02D0DD4014
:10DE9400EB07CFD51F4EA4E7804534D07F214B46F6
:10DEA40049425B1800D48DE7002AC3DB201CFFF72E
:10DEB400ADFDFEF7D9FF06000F00281CFFF7A6FDF5
:10DEC40032003B00FEF7FFFEFEF7C2FFFEF7B4FF91
:10DED400061C86E79A18A7D417239B1AA4D40122F8
:10DEE4009A40013A2A429FD1172B02D0DD40EB071A
:10DEF4009AD58026360674E74346FF2BCCD17E297B
:10DF040098DC00266DE77E2994DD8DE7000080BF54
:10DF1400FF010000000080FFF0B54746CE46FF2613
:10DF240080B58846C40DC90D3440170083B0051C64
:10DF34000E40002A01D000223A60FF2C3ED0002E71
:10DF44003CD0002C3DD0281CFF2E32D0721EA242A1
:10DF54002FDCEB0F9C4680231B0499466D026D0A4F
:10DF64001D43434649465B025B0A19438946A24264
:10DF740029D06346002B00D06D4201AB49462800EE
:10DF8400A21BFFF7BBFD43004B4527DD019B4A461F
:10DF94000133801A01934346002B02DA019B5B4252
:10DFA4000193002F01D0019B3B609621891BFFF751
:10DFB40027FD03B0C0BCB946B046F0BDFF20C00584
:10DFC400F7E70020F5E78D42F3DD6346002B0BD124
:10DFD400012348002600281A0193DCE74B45DAD1D7
:10DFE400019BDA07D7D5D2E7012348005B4226001C
:10DFF400401B0193CFE7C04610B50022FFF78CFF0A
:10E0040010BDC04607B5604601880A0A0230DF2AFF
:10E01400FAD1C9B2820804D30288408800041043AC
:10E0240000E00068014A5050039007BD34DF02202D
:10E034000021C2158032803201D0024A10470020EC
:10E0440070470000CD2A0000C30FDB0741000A0E11
:10E0540007D0FF2A08D00909054A8918194340073F
:10E0640070471900002070470249C918FAE70000F8
:10E07400000000380000F07F70B504000A4E300044
:10E0840005F086FE200004F0A3F90500300005F039
:10E094000DFF002D05D0054B2C199C4201D82800FA
:10E0A40070BD0348FDF794F92061012000000420AD
:10E0B400C84E012070B505000C000B4E300005F071
:10E0C40067FE2800210004F023F90500300005F064
:10E0D400EDFE002D05D0054B2C199C4201D82800DB
:10E0E40070BD0348FDF774F920610120000004208D
:10E0F400C84E012070B50400054D280005F048FE07
:10E10400200004F06FF9280005F0D0FE70BDC04671
:10E114002061012001480421014B18478058012047
:10E124002DC50020014B1B681847000080580120B2
:10E13400014B5B681847000080580120030010B5AC
:10E14400080011001B68984710BDC046F0B546464C
:10E154004F46D6468046C0B50E00171E3FDD4B1E07
:10E164009946214B0125002400209A460DE04B4698
:10E174001B5D0D3B5A425341325DDBB20A2A0BD080
:10E184002B00013401359F421ADD002CEFD14346A8
:10E19400325D1B7D0A2AF3D1002BF1D1A04204DAAF
:10E1A4004346211A1B6830189847434650461B685B
:10E1B40002219847013428002B0001359F42E4DCFA
:10E1C400874204DD4346391A1B6830189847F6190C
:10E1D400013E33780D3B5A42534142461375E0BC2D
:10E1E400BA46B146A846F0BD384F012010B50B0021
:10E1F400417D002903D01900FFF7A8FF10BD046872
:10E2040011001800A047F9E7F0B5C646144B060004
:10E214001C6800B5002C19D0031D9846114F02E06C
:10E224002469002C12D02568002DF9D03B68002BFE
:10E2340001D0A342F4D1637D3268002B0BD02000BF
:10E244004146FFF783FF2469002CECD1002333609F
:10E2540080BCB846F0BD11004046A847E0E7C04680
:10E26400FCCB012070CC012070B50C0009680500BE
:10E27400802904D04B1C23606418257170BD2000D4
:10E28400FFF7C2FF2168F5E7F0B5DE4657464E4674
:10E294004546E0B585B017001C0006000D00FCF7EC
:10E2A400BFFB0023274A12184B41002B45DB2649AC
:10E2B40008008A4605F0CAFD01906B1C03D13000AA
:10E2C40004F0D4FB0500002C30D1204B9946204BA0
:10E2D4001C68002C20D01F4B98460A239B4602E062
:10E2E4002469002C18D02368002BF9D043461B68FE
:10E2F400002B01D0A342F3D12A0031002000C847EB
:10E30400002FEDD05A4602AB2000DA71D91D01224C
:10E31400C8472469002CE6D1019B002B09D105B024
:10E32400F0BCBB46B246A946A046F0BD0A4B99468E
:10E33400CDE7504605F0BAFDF1E70122074B524202
:10E34400B5E7C04640420F0028610120BDDF002030
:10E35400FCCB012070CC01200DDF0020FFFFFF7FEC
:10E3640010B582B06B4604000022D81D01210023A1
:10E374000470FFF789FF200002B010BD70B50400DF
:10E3840004F074FB00230100050001222000FFF7C4
:10E394007BFF064B1C68002C06D06368002B00D062
:10E3A40098472469002CF8D1280070BDFCCB0120CB
:10E3B400F0B5A3B004000D00FCF732FB0023184AAB
:10E3C40012184B41002B27DB164E300005F03EFDA2
:10E3D40000230700019322002B00134801A9FEF734
:10E3E40077F9019B0500002B02D001A8FFF70CFF71
:10E3F4000E4B1C68002C06D06368002B00D0984795
:10E404002469002CF8D1002F02D1280023B0F0BDDC
:10E41400300005F04BFDF8E70122054B5242D3E7EB
:10E4240040420F002861012039E00020FCCB01208C
:10E43400FFFFFF7F0FB400B583B004A901C90191A8
:10E44400FFF7B6FF03B008BC04B0184703BDC046CD
:10E4540010B50400FBF784FFA04710BDF0B5C64615
:10E4640000B514001D008046FCF7DAFA0019694172
:10E47400002918DB0C00D02502270D4A2D062B6D30
:10E484001F420BD1536AA342F9D3966A864201D242
:10E49400A342F4D0002080BCB846F0BD43466B656F
:10E4A40040BF0120F7E70120024C4042E3E7C046A9
:10E4B40000400540FFFFFF7FF0B5C64600B50400ED
:10E4C4000D009046FCF7ACFA24184D41002D22DBD8
:10E4D4000122D02711003F063B6D19408C461A4299
:10E4E40011D12E000E4920BF4B6A9E4208D8886A7B
:10E4F400A04203D3604680BCB846F0BD9E42F9D129
:10E504003B6D1A42EFD0D02342461B069B6D13602D
:10E5140001239C46EEE70124024D6442D8E7C0463D
:10E5240000400540FFFFFF7FF0B514000F22464670
:10E53400D6464F461D00D0239146C0B51B061B6826
:10E5440006009944484682B0FBF79AFC80460028AE
:10E554002BD100239A4615E03000FFF77FFFFCF72C
:10E564005FFA22002B00121A8B411000191E11DBD6
:10E57400534601AA0193FFF79FFF071E0AD0019B90
:10E58400B34208D0FCF74CFA22002B00121A8B413C
:10E59400002BE1DA00274346002B0BD1380002B0F0
:10E5A400E0BCBA46B146A846F0BD00214846FBF798
:10E5B40055FCCEE701214846FBF750FCEEE7C04688
:10E5C400F0B5C64600B507000D00FBF77FFB154EFE
:10E5D40004003368002B20D02000FBF783FB3A00B3
:10E5E4002B00300005F0F8FB041E0FD00E4B9846AC
:10E5F4001B78002B0ED12B003A000C48FFF794FF38
:10E60400434604001870300005F050FC200080BC24
:10E61400B846F0BDFCF7FAFEEDE73000FBF7BAFEB2
:10E62400DAE7C0469CCD0120D0E701201E83A87301
:10E63400F0B5040087B00F200E001700FBF720FC94
:10E64400002105000F20FBF709FC00230093019330
:10E6540001330293D023049605940026002401215B
:10E66400022003971B06002C14D01A6D1042FCD014
:10E674005C6540BF1A6D114203D120BF1A6D11426F
:10E68400FBD09A6DA2420AD000266C46B200A45870
:10E69400E9E79A6D1A6D1142FBD140BFE5E70136F7
:10E6A400052EF2D929000F20FBF7D8FB07B0F0BDE7
:10E6B4000B4B0C4A10B5934201D201235B42190063
:10E6C400094A985004329B50084A094B0948CA50D9
:10E6D400094B9A68044B9C466144FFF7A9FF10BD9F
:10E6E4000008042000000420F407000021E20020B8
:10E6F400FC0700001DE2002000ED00E070B5FBF710
:10E70400E5FA04000D480368002B13D02000FBF742
:10E71400E9FAD0231B061C68094925000F35280097
:10E72400FBF7C2FB28000121FBF798FB0122054BF4
:10E734001A5570BDFBF72EFEE8E7C0469CCD0120BC
:10E74400A53C0120A4CD012010B5034B18685968DD
:10E75400FFF736FF10BDC046284C012010B50F4B03
:10E7640082B05C681B6800930194009A019B0C4C76
:10E77400200005F031FB002801D102B010BD09488A
:10E78400009A019BFFF7D0FE002802D00022064B1E
:10E794001A70200005F08AFBEFE7C046284C0120E0
:10E7A4009CCD0120E17C578CD0E70120014B185C03
:10E7B4007047C046A4CD012010B5024800F026F8E9
:10E7C40010BDC046A0D70120F0B54C1E012916D0BB
:10E7D400002301260F250C4F5A08BA5C1E4200D1B3
:10E7E40012112A4011003731092A01DC303211009C
:10E7F400C1540133A34205D0102BEDD110300023B6
:10E804000370F0BDC018FAE7A0D7012030B5002589
:10E8140089B004000922002101A80095FFF782FCB9
:10E824000922002105A80495FFF77CFC4B236A46C6
:10E834006846137004A90D2205F02EFC1521082248
:10E8440020006944FFF774FC09B030BD01230121A5
:10E85400084A1360084A1360084A080093689843FA
:10E86400FBD1074A11608021490013680B42FCD098
:10E874007047C04600E0004000F0004000C0004087
:10E8840000C0044010B54B681B689B88052B04D05E
:10E89400012B05D100F0AEFC10BD00F067FDFBE7D5
:10E8A400FCF7AEFDF8B506001D480D00FFF7C2FDEC
:10E8B4000520FCF72BFC29000700FDF799FF4B1EF0
:10E8C40099410C18220039001648FFF7B3FD32793C
:10E8D400200653009B183268240A9446DB00000C7F
:10E8E40024046344C83304431C600F4BF5609D4209
:10E8F40009D00E4B9D420ED00D4B9D4207D00122F4
:10E904000C4BDA70F8BD02220A4BDA70FAE70022E7
:10E91400084BDA70F6E70A22064BDA70F2E7C046D3
:10E924003C4F0120544F012080BB000000770100C0
:10E9340044AC00009C580120036970B55B68040076
:10E944004C380D001968C368994201D0FFF7AAFF3B
:10E954002900200001F010F870BDC046F0B5DE4675
:10E9640057464E464546E0B5036883B05C68C368C5
:10E97400002B5CD09B46314B8B44984601239A462E
:10E98400293399465B46019345E02D4ACB08D25C76
:10E9940007230B401A4153461A40AA2356074A46F6
:10E9A400DB051E43330E13409C4600293CD139231A
:10E9B4009B465A46226042465B461068214F050238
:10E9C4003D4002062A431A43226063464A465343A3
:10E9D40052469B111340020C80B2000A5A4028434D
:10E9E400D207304310434246692560601268013102
:10E9F40010020740100638432843A060100C92B25E
:10EA0400120A43403A43DB0732431343E360019B5A
:10EA140010348B420BD02729B7D90023AA269C4651
:10EA2400C9339B46F605C4E7C9239B46C1E703B037
:10EA3400F0BCBB46B246A946A046F0BD34E0022075
:10EA44009C58012000FFFF00F0B51F00802387B011
:10EA54000D005B02D11C02930903D3011943134B2C
:10EA6400160019408023BA029B0513430593104BEB
:10EA7400320003910493290002AB040000F0A2FECB
:10EA840001233A0029002000009300F043FE2900EE
:10EA94002000002200F052FD1F2268004519ED00FD
:10EAA40064191640D834266007B0F0BDFFFFFF9FFD
:10EAB40000000E40F0B5DE4657464E464546E0B5EA
:10EAC400774B83B09B461B78894692460090002B77
:10EAD40021D1744B0024984680235B000120022638
:10EAE4009C4600230021704F02009A40144204D037
:10EAF40035005A00954041402F430133082BF3D190
:10EB040043460904394302C3013498466445E8D1B5
:10EB140001235A4613705346D978002900D19AE04C
:10EB2400012900D0B8E061495346009D604C29603A
:10EB34009A782A715A786A711A79AA7118782368AE
:10EB440000226B775B4BAA609C4661444B1E994143
:10EB5400EA602A74E8710631FBF730F82B682979EA
:10EB64001800019300F0A4FC534B984653464246C8
:10EB7400DB789B009A58002A00DA7AE05346009D1D
:10EB84001B78286829790190FFF75EFF2B0020335A
:10EB9400AB623023AB63EB632B0028330C206B6335
:10EBA400FFF76AFA061E0BD0C0239B001900012050
:10EBB4009846FFF77FFA7060002868D043463360B8
:10EBC400009D002128002E633030FFF7C7FE00238C
:10EBD4002B77BFF35F8F687900F0CCFB37496E79F0
:10EBE4008C462A7928681100F302604500D0083168
:10EBF400334DC9032B40A0250B43ED051921AC4629
:10EC0400002504320B439200B101614482180D6067
:10EC14004A608D600B61009B2A009879294B9846C5
:10EC24001B5C002B19D00123B340002810D1264AC5
:10EC340013604846236800995A1C2260234A9B00AB
:10EC4400995003B0F0BCBB46B246A946A046F0BDFD
:10EC54001F4A1360EDE7194966E71E490B308032FD
:10EC6400FBF74CF901234146009A90790B545679ED
:10EC7400D9E7009B18491B681800019300F040FC79
:10EC840053464146DB7802009B00585076E730003B
:10EC9400FFF730FA002693E71048FCF799FBC046CB
:10ECA400E4E7012034E00220555500000000305014
:10ECB40004E701200000E0AF90580120000020503C
:10ECC400FF7FE0FF90CD01200424005008E70120DD
:10ECD400142400504540012040500120884F012059
:10ECE400F8B5CE46474680460E0080B52E481C0037
:10ECF400FFF744FB4246736840461B6821001362D9
:10ED04002A4B283053624346203393621023938561
:10ED1400302200F005FF434685699864002D11D028
:10ED2400BF2300249946002721002800FFF716FE80
:10ED34003B004A463034A2427B416D695B421C4031
:10ED4400002DF1D1736840461968FFF7ABFDBFF39E
:10ED54005F8F089B002B0AD04346310008989A6CB9
:10ED640000F018FF0120C0BCB946B046F8BD736876
:10ED7400DA881968022A0FD00D48FFF75BFB424678
:10ED84000C4B53650C4B93650C4BD3640C4B1365C4
:10ED94004C2343440893DFE70A48FFF74BFB0A4838
:10EDA400FFF7ECFAEBE7C046A04F01201405020080
:10EDB4001C50012009E700205DF60020C9F6002060
:10EDC40055E60020BC4F0120E04F012070B504003F
:10EDD400A3790E004079002B4CD0012383402E4AA6
:10EDE4001360A0212D4AC9058B502D4B80019C46F0
:10EDF400802360445B04026815001D401A42FAD166
:10EE0400A168002903D0A06C00F0CAFEA5601F21F0
:10EE1400E079FAF7D3FE0123E27921689340D02206
:10EE2400120693621F4B30009C4661444B1E99416D
:10EE34000631FAF7C3FE1C4A2368944663445A42D7
:10EE440053411A4A9B009A58217933002068FFF7EE
:10EE5400FBFDE16800291BD1A3796279002B0ED058
:10EE64000123A0219340124AC9058B50114A136013
:10EE7400E67170BD012383400F4A1360B1E701239B
:10EE8400A02193400D4AC9058B500D4A1360EFE74A
:10EE94002000FFF707FDDFE71434005044040000AE
:10EEA4000C0000500000E0AF0000D0AF90580120EB
:10EEB4001C04000014240050043400500C0400000E
:10EEC4000424005070B5037C04000D008B4213D061
:10EED400002912D08079164A135C591C1154002B56
:10EEE40020D0200005F03CF90123207922688340DA
:10EEF40011680B431360257470BD01220168007909
:10EF04000B68824093430B60A079094A135C013B70
:10EF1400DBB21354002BEED100210B30FAF79EFF25
:10EF24002574E9E701210B30FAF798FFD9E7C046C9
:10EF34008CCD0120F0B5CE46474680B50400894605
:10EF440085B0002900D16EE0394B0025984606E0D3
:10EF5400380005F005F96B1C994514D01D00AB0071
:10EF6400E75843464146B8791B5C5A1C0A54002BA7
:10EF7400EED101210B30FAF771FF380005F0F0F8FB
:10EF84006B1C9945EAD1002301930293294B00227B
:10EF94009C46294B0127984601A89300E1580B6829
:10EFA400634505D043453CD002212448FCF710FAC0
:10EFB40000233E0009799B008E403100C65831433E
:10EFC400C150531CAA4201D01A00E6E70CC8EFF363
:10EFD400108172B6002A08D0F02510022D012840B5
:10EFE4000F252A40024316480260002B08D0F02067
:10EFF4001A02000102400F2003401343114A136018
:10F0040081F310884B46002B06D001229E00A619DE
:10F0140008CC1A74B442FBD105B0C0BCB946B046A2
:10F02400F0BD0123C5E7EFF3108172B6E8E7C046EF
:10F034008CCD01200000205000003050884F01206A
:10F044000020205000203050014B18707047C046FB
:10F05400E5E701200023044A1360044A1360536067
:10F064009360D3607047C04618E601201CE6012077
:10F07400014B18687047C04618E60120032803D8DE
:10F08400024B8000C05870470020FCE71CE60120BA
:10F09400F0B54546DE4657464E46E0B58B6889B026
:10F0A400804605910093002B78D0002302934F4BA8
:10F0B4009A46FF23994643469B699B46002B00D101
:10F0C40087E04346DB6904931A01059B0498996819
:10F0D4005B46DB68069107931B1A0298091A039191
:10F0E400994200D903935B461B685D68059BAD1884
:10F0F4001A68029B52689B00D3180093039B5B0021
:10F1040001933BD03A4B00269C46009A7300D35E91
:10F11400524614684A4651461A40920088584A4654
:10F124001B1213409B00C9584B4667462A68013698
:10F134001A4023023B402A271343020613436A68FA
:10F144002B60130E3B407B43293F9B113B40240C17
:10F154005C40030C63400C0C6340FE24E405DB07B5
:10F1640022401A436346090280B21940030A0B4342
:10F174001A43019B6A600835B342C6D1039A029BC5
:10F184009446424663440293049B6344D361079AC2
:10F194009A420FD0029B069A93428CD34346059918
:10F1A400186900F0AFFB09B0F0BCBB46B246A946F3
:10F1B400A046F0BD5B46079A59469A604346586993
:10F1C40000F0E0FB434600229A61059B9B6806938E
:10F1D400E0E743460121586900F06EFB43460022F4
:10F1E4009861DA610023834604936EE734E00220D9
:10F1F40000FFFF0010B5FFF74BFF10BDF0B545460B
:10F20400DE4657464E46E0B58B6889B08046059188
:10F214000093002B00D17DE000230293514B8346E1
:10F224009A46FF2399465B469B699846002B00D17A
:10F234008BE05B46DB6904931A01059B049899688B
:10F244004346DB68069107931B1A0298091A039137
:10F25400994200D9039343461B685D68059BAD182A
:10F264001A68029B5268DB00D3180093039B5B006F
:10F2740001933ED03C4B00269C46009AB300D358E1
:10F284004A4651461A4092008C5849461A120A407E
:10F294005146920088584A4667461B1413409B0007
:10F2A400C9582B68013613400206134322023A4020
:10F2B4002A2713436A682B60130E3B407B43293F84
:10F2C4009B113B40240C5C40030C63400C0C6340DA
:10F2D400FE24E405DB0722401A436346090280B298
:10F2E4001940030A0B431A43019B6A600835B34271
:10F2F400C3D1039A029B94465A4663440293049BE7
:10F304006344D361079A9A4210D0029B069A9342AF
:10F3140089D3D84643460599186900F0F3FA09B031
:10F32400F0BCBB46B246A946A046F0BD4346079A88
:10F3340041469A605B46586900F024FB5B46002214
:10F344009A61059B9B680693DFE75B460121586938
:10F3540000F0B2FA5B4600229861DA61002380462D
:10F3640004936AE734E0022000FFFF0010B5FFF7C2
:10F3740045FF10BD10B50100024A0348FAF7BCFC72
:10F3840010BDC04650500120ACE7012010B501006B
:10F394000148FAF721FD10BDACE7012000B5054B8B
:10F3A40083B00100009300220B230348FAF7C6FC44
:10F3B40003B000BD74500120ACE70120F0B5D6467F
:10F3C4004F4646460523C0B5CB56002B01DB9A4277
:10F3D4003BD11F4B0127C3185C4263419B009C46F1
:10F3E4001C4C0E792300A1466446B7401B59013FCB
:10F3F40097401C0098463C401F4226D1002E19D04D
:10F404000B789A4655464B781B021D43AA46534631
:10F414008D782D041D43CB781B061D436300E95AE8
:10F424004B0B00D18918131912339B000134195066
:10F43400A642F3D843463B431F0062464B469F50C7
:10F44400E0BCBA46B146A846F0BD0348FBF7C0FF8E
:10F454000000D0AF10B2012094500120124B10B51F
:10F464009C46604443425841104B8000C4580123D9
:10F474008B40013B002A0BDB10002022511A8842EA
:10F4840003DC83401C4200D110BD01204042FBE755
:10F494002020401A02D5F8E70138F5D31A0082403B
:10F4A4001442F9D1F0E7C0460000D0AF10B20120F9
:10F4B400074B10B5984204D0064A0748FAF71CFCDB
:10F4C40010BD064A04480431FAF716FCF8E7C046B2
:10F4D40000003050CC500120BBE70120A85001208F
:10F4E400054B10B59C466044434258418000411886
:10F4F4000248FAF771FC10BD0000D0AFBBE7012051
:10F50400F8B50C000600FAF7E1FB05220700A25645
:10F5140030002179FFF7A2FF051E09DB020021005C
:10F524003000FFF74BFF3800FAF7DCFB2800F8BD8A
:10F534000148FBF74DFFC046945001204B00F0B545
:10F5440057469A468A445346DB00C118844608004D
:10F554004E46DE464546DC300468E0B5A3460C0062
:10F56400CC34246883B00194C024CC33A401634414
:10F5740023438024A4021C601F24A146E024240207
:10F5840000262023A046D8311C00052B00D90524D1
:10F594007701A5063D4305604D46474615403D436A
:10F5A4000D601B1B36195209002BEDD15B4603601D
:10F5B4005346D8006044019BCC30036003B0F0BCD8
:10F5C400BB46B246A946A046F0BDC046F0B5DE46ED
:10F5D40057464E4645468B46E0B51C0085B04B0069
:10F5E40003935B44DB00C5182F00DC3716003A6830
:10F5F400844600922A00CC321268CC330192C02295
:10F604006344920113438022920202901A60002CF8
:10F6140019D08023DB049A4601239946E0231B0278
:10F624009846D8352000FDF783F85246430113432A
:10F634003B6033004A46C3401340424613432B60A9
:10F64400631E1C40EED1029B03989C465844C000A4
:10F6540060440300009ADC331A60019BCC300360E1
:10F6640005B0F0BCBB46B246A946A046F0BDC046B4
:10F67400F0B5DE4657464E4645468B46E0B51C007F
:10F6840085B04B0003935B44DB00C5182F00DC37C7
:10F6940016003A68844600922A00CC321268CC33B1
:10F6A4000192C02263449201134380229202029089
:10F6B4001A60002C18D08023DB049A460123994653
:10F6C400134BD83598462000FDF732F852464301D3
:10F6D40013433B6033004A46C3401340424613433E
:10F6E4002B60631E1C40EED1029B03989C46584439
:10F6F400C00060440300009ADC331A60019BCC30E4
:10F70400036005B0F0BCBB46B246A946A046F0BDB6
:10F7140080E00000F0B557464E464546DE46894631
:10F72400E0B583B00CA90D784946490088464944A0
:10F73400C900461837003400DC3701903868CC34EF
:10F7440083462068C02482460198CC318446A401B3
:10F75400614421438024A4020C60691E8D411F2151
:10F764006D420D4016498C466544052B0ED9A021E7
:10F7740049058C461F21D83660465401044305329E
:10F78400053B3C600A403560052BF5D841465201E3
:10F794009B0613434944019AC90050180200DC3205
:10F7A40013600300D8331D605B4613605346CC30AE
:10F7B400036003B0F0BCBB46B246A946A046F0BD08
:10F7C40080E00000F0B501258D400468AC434D0095
:10F7D40004606C18E40004192600C836002B28D0F5
:10F7E4001F68DC3437605F6877609F68DB68B760E8
:10F7F40023606D18EB001D008024D0354519640189
:10F804002C4380252D062560256001250F4C2E00F4
:10F814008C4084600C1DA640802408318D401F213B
:10F82400A4010443C0180A40D83026602560026051
:10F83400F0BD80277F023760F8277F027760C027FA
:10F84400DC343F03B7602360D3E7C0460101010104
:10F854000369D869EFF3108C72B60268002AFCD0F1
:10F86400BFF35F8F1A6A002A0BD05A6A516159623A
:10F87400DB69BFF35F8F00221A608CF3108840BFEE
:10F88400704759624A611962F2E7C0464369586990
:10F89400EFF3108C72B60268002AFCD0BFF35F8FBE
:10F8A4009A694A6199615B69BFF35F8F00221A60AC
:10F8B4008CF3108840BF704710B50300002402E0A9
:10F8C400002917D020BF5869EFF3108C72B6026874
:10F8D400002AFCD0BFF35F8F9869002802D04269E8
:10F8E4009A6144615A69BFF35F8F14608CF3108886
:10F8F4000028E5D010BDC04610B50069FFF7DCFF55
:10F9040010BDC0464269EFF3108C72B61368002B29
:10F91400FCD0BFF35F8F83694B6181614369BFF39F
:10F924005F8F00221A608CF3108840BF7047C04676
:10F9340010B5030000240BE04461DA69BFF35F8F64
:10F9440014608CF31088002814D1002912D020BF31
:10F95400D869EFF3108C72B60268002AFCD0BFF3AA
:10F964005F8F186A0028E8D042691A62002AE3D13E
:10F974005A62E2E710BDC04610B54069FFF7D8FFF0
:10F9840010BDC046C269EFF3108C72B61368002B29
:10F99400FCD0BFF35F8F036A002B0BD0436A59611D
:10F9A4004162C369BFF35F8F00221A608CF3108831
:10F9B40040BF704741624B610162F2E7F0B5DE4639
:10F9C40057464E464546E0B585B0009182460C0048
:10F9D400012028210292FEF76DFB834600281DD0EA
:10F9E400002C23D15246009B12688360838100233C
:10F9F4004260029A0193C2810620FAF717FA5B4625
:10FA0400019A58619A610720FAF710FA5B465A4640
:10FA1400D8610023136253623C4B1361584605B00E
:10FA2400F0BCBB46B246A946A046F0BD18210098DA
:10FA3400FEF740FB019000285BD052465B461268FB
:10FA4400019C009D5A60029A9C609D81DA81002D80
:10FA5400D2DD534611009B88002759436B1E0E00CC
:10FA640090469946039453460C206360FEF704FBCA
:10FA7400051E44D031000120FEF71CFB68600028FD
:10FA840015D04346E3600023A3604B462100DB1BF3
:10FA94001831581E83410A005B421A40009B01370B
:10FAA400256062612E600C00BB42DCD1A4E7060035
:10FAB400039B28009846FEF71DFB029B2660E3602B
:10FAC400A660002544467B00DF19019BFF00183324
:10FAD400FF182668002E05D07068FEF70BFB300077
:10FAE400FEF708FB25601834A742F2D10198FEF70F
:10FAF40001FB5846FEF7FEFA00239B468EE7039B64
:10FB040020609846029BA060E360DAE7A4580120D5
:10FB140010B5FFF753FF002801D00023037010BD78
:10FB240010B5FFF74BFF002801D00123037010BD6F
:10FB3400F0B5C6460300804600B5002826D080688C
:10FB4400002820D09B89002B1BD0002400266500B0
:10FB54002D19ED0043191F68002F08D07868FEF7AF
:10FB6400C9FA3800FEF7C6FA434698684319DE60BE
:10FB74001E605E619E60434601349B89A4B2A34229
:10FB8400E5D8FEF7B7FA4046FEF7B4FA80BCB846AB
:10FB9400F0BDC04608611061016142617047C04612
:10FBA40000230B61037810B50069002B02D1436870
:10FBB400984710BDC3689847FBE7C046037810B563
:10FBC4000069002B02D10368984710BD83689847E9
:10FBD400FBE7C046F0B500234646D6464F468A6842
:10FBE400C0B505000E009A469846002A2FD0A96990
:10FBF40000293CD0EB699C46DB009946634650469D
:10FC0400CF68121AFB1A9A4200D91A005046336878
:10FC1400C0005B681B18086840684844002A0ED07E
:10FC2400D700DF191C68240204605C6808332402CE
:10FC3400446008309F42F5D1EB69CF689C469244FA
:10FC44006244EA61BA420BD0B2685245CFD831005F
:10FC54002869FFF757FEE0BCBA46B146A846F0BD96
:10FC640068698F60FFF78EFE4346AB61ECE70121C4
:10FC74006869FFF721FE4346EB61002301009946C2
:10FC84009C46B268A861B9E770B504000D1E12D095
:10FC94008079154A135C591C1154002B1FD0200085
:10FCA40004F03EFB012320792268834011680B4352
:10FCB4001360257570BD0122016800790B688240CC
:10FCC40093430B60A079084A135C013BDBB21354E5
:10FCD400002BEED100210B30FAF7C0F8E9E701213F
:10FCE4000B30FAF7BBF8DAE784CD0120F0B5CE4645
:10FCF4004746884680B5814683B00520FBF706FA5F
:10FD040001267642F717424600230400B6185F41E5
:10FD14000025300024196D41390000196941FCF7B0
:10FD2400A5FD214DFF242B68060A01934346044098
:10FD340001000093320023001C48FEF77BFB286877
:10FD440000282AD04B461A4A350424028000196838
:10FD5400254380181368002B02D01C688C4212D0F3
:10FD640004329042F6D14B461A7953009B18DB00BB
:10FD74004246C9184B46C8310D601A6103B0C0BC75
:10FD8400B946B046F0BD1E797400A419E4000C19FC
:10FD9400C834256044461C61E2E74B46350424021E
:10FDA40019682543DFE7C04670CD0120E8500120E3
:10FDB40074CD0120036970B55B6804004C380D00F4
:10FDC40019680369994201D0FFF790FF29002000C8
:10FDD400FFF7D2FD70BDC046F0B557464546DE4636
:10FDE4004E46E0B50F001179040015008BB00029D0
:10FDF40000D146E1012900D06DE1B94E2660EB78CF
:10FE040020002371AB78202263716B790021A371E8
:10FE14002B784C30E3716B782372AB7963720023D7
:10FE2400E36023612375A361E361A364FEF77AF9B8
:10FE3400AC4B2878F1184B1E99410631F9F7BEFEF8
:10FE440021792068FFF734FBAB79002B00D0B9E0AF
:10FE54002B79A54E9B009859002800DA29E18046A9
:10FE64002379102299462B7806A99B4600230993EF
:10FE740080235B020693F8235B020793C02302A846
:10FE84001B0326680893FEF753F9072343449A4655
:10FE940043465246DB011203134302A9102206A86B
:10FEA4000393FEF745F980235A4601255B03134368
:10FEB40009938E4B300042464946089306ABFFF740
:10FEC40081FC300001235A4649460095FFF722FC85
:10FED4005A462B003000934049460022FFF776FB38
:10FEE40052461F2313404A4651004944C90076181C
:10FEF400D8363360E27921797D48FEF79BFA2300F6
:10FF04002033A3623023A363E363230028330C204C
:10FF14006363FEF7B1F8051E00D1DFE0C0235B0088
:10FF2400190001209846FEF7C5F8061E686000D146
:10FF3400B8E0434625632B60BFF35F8F6079FFF71A
:10FF440019FA6C4E6579227920681100EB02B042EF
:10FF540000D00831684EC9033340A0260B43F60590
:10FF64001921B446002604320B439200A9016144CE
:10FF740082180E604A608E600B61A0795F4E335C1C
:10FF8400002B00D184E00123A021AB40C905002847
:10FF940000D178E05A4A8B505A4A1360EFF310812B
:10FFA40072B6594A1368581C1060584A9B009C50FA
:10FFB40081F3108838000BB0F0BCBB46B246A946AA
:10FFC400A046F0BD474B21689C4661444B1E9941B5
:10FFD40068780631F9F7F2FD424B21689C4661448A
:10FFE4004B1E9941687806310130F9F7E7FD2B790A
:0CFFF400474E9B009A59002A64DB2379D9
:020000041001E9
:10000000266898462B78300099466B78D51D9A461D
:1000100080235B0206932903D3010B433E490B4027
:100020000793534699024B4619433C4B0B430993A4
:100030002F4B4146089306ABFFF7C6FB4B46012208
:1000400051469A4003238B401A4313004146300027
:10005000FFF710FB414630000022FFF771FA1F2323
:100060001D4043465B004344DB00F618274BD8365F
:100070001A682B4B35601A70237AE2792179294866
:10008000FEF7DAF93DE71C4EBAE6274A8B50274ABD
:10009000136085E70B3080222549F9F731FF0123F2
:1000A000A0793354657970E72800FEF725F82663B8
:1000B0002048FBF78FF920492068FFF723FA2B79B6
:1000C00080469B009851CDE61C492068FFF71AFA3C
:1000D0002B7902009B00985191E71948FBF77AF9B8
:1000E0002063E5E7000030500000E0AFCC5801206D
:1000F000000006406451012000002050FF7FE0FF17
:1001000088CD01201C0400001424005070CD012073
:1001100074CD0120C0580120FFFFFF9F0000104058
:10012000BC5801202C5101200C0400000424005074
:100130003D41012090510120A853012090530120FE
:10014000884F012070B50E000500C27901791C00AE
:10015000037A2548FEF770F9736828001B6830227F
:100160002B62224B21006B622B002033AB620823F1
:100170002830AB85FFF7D6FCA864002830D084690E
:10018000002C09D0C0222368002158685200FDF7D6
:10019000CBFF6469002CF5D1736828001968FFF75C
:1001A000A7FDBFF35F8F049B002B06D03100AA6C24
:1001B0000498FFF7F1FC012070BD73680C481968C2
:1001C000FEF73AF90B4B6B650B4BAB650B4BEB64D6
:1001D0000B4B2B654C239C46AC4463460493E5E7EC
:1001E0000848FBF7F7F8C046C0510120150502008A
:1001F0003052012085FB00205DF60020C9F600206A
:10020000A5F90020FC510120037D10B58B4201D0DF
:10021000FFF73CFD10BDC046F0B54E46DE465746E2
:100220004546E0B583790E00040041798BB0002B80
:1002300000D1F2E001238B407C4A1360A0207C4A6D
:10024000C00583507B4B80229C4689016144520447
:100250000B681D0015401342FAD1E168002903D054
:10026000A06CFFF79FFCE5601F21E079F9F7A8FC7F
:100270000122E37990469A40D0231B069A626E4B86
:1002800021689C4661444B1E994130000631F9F7C4
:1002900097FC2768694BFB185A425341627A9B00CE
:1002A000002A00D17BE0664A38009A5823799946A3
:1002B000237A9B46D31D9A46802351465B020693C0
:1002C0000903D3010B435F490B4007935B465E492B
:1002D0009B02314019435D4B0B4309935C4B4946EC
:1002E000089306ABFFF770FA594642460323B24023
:1002F0008B401A43130049463800FFF7BBF9002230
:1003000049463800FFF71CF953461F221A404B4656
:100310005B004B44DB00FF18D8373A6021690029A5
:1003200000D07FE04B4B1A68002A16D001218C4682
:10033000494B92002068D21819680F68874220D074
:1003400004339342F8D1002D07D0F0232D021B0176
:100350001D4080239B0118430560A3796279002B1F
:1003600014D00123A02193403C4AC9058B503C4A3C
:100370001360E6710BB0F0BCBB46B246A946A0467E
:10038000F0BD674609798F403D43D9E70123A0219D
:100390009340344AC9058B50334A1360E9E7334927
:1003A00009925B5810229B46237906A9994680231F
:1003B0005B020693F8235B020793C02302A81B038A
:1003C0000893FDF7B7FE07235B449A465B46524607
:1003D000DB011203134302A9102206A80393FDF7C1
:1003E000A9FE80235B0333430993194B5A464946C0
:1003F0003800089306ABFFF7E7F943463200494659
:10040000380000930123FFF787F943460022B340E9
:1004100049463800FFF7DCF876E701238B40144AA1
:1004200013600BE72000FFF763FC7BE714340050F8
:10043000440400000C0000500000E0AF0000D0AF0A
:10044000C0580120FFFFFF9FFF83FFFF0000104007
:100450000000064070CD012074CD01201C04000076
:10046000142400500C04000004240050CC58012037
:1004700004340050F0B557464546DE464E46E0B5DA
:100480008846070087B0002900D1AAE08B009C466F
:1004900080235B019B4601239A46802384449B0171
:1004A0008021994663460906844601931CE04F4D1E
:1004B0005659073627795D467A00D219D2001400C2
:1004C000D0341C192C43216021603C1D5746A740A5
:1004D0004C461C4327601F249B18D83326401E60BF
:1004E000019B043083420DD00468414A23689A1866
:1004F00056427241667A9200002ED8D13D4D56592F
:100500000736D7E7674600243B4E06E0280003F095
:1005100009FF631C984512D01C00A300FD58A87960
:10052000335C5A1C3254002BF0D101210B30F9F707
:1005300097FC280003F0F6FE631C9845ECD10023DD
:10054000039304932D4B002299462D4B01259C4685
:1005500003A89300F9580B684B4505D063453ED07E
:1005600002212848FAF736FF00232E0009799B0064
:100570008E403100C6583143C150531CA24201D0B5
:100580001A00E6E70CC8EFF3108172B6002A08D013
:10059000F0241002240120400F24224002431A4874
:1005A0000260002B08D0F0201A02000102400F2048
:1005B00003401343154A136081F310884346002B10
:1005C00006D001229900791808CF1A758F42FBD105
:1005D00007B0F0BCBB46B246A946A046F0BD012319
:1005E000C3E7EFF3108172B6E6E7C046C0580120BA
:1005F0000000D0AFCC58012084CD01200000205055
:1006000000003050884F0120002020500020305042
:10061000F0B5CE46474680B5037D040083B0002B7D
:1006200000D0E7E001206179A6798840002E00D152
:10063000B9E0804B1860A0277F4BFF05F8507F4B37
:1006400080229C468901614452040B681D001540BC
:100650001342FAD1002E00D1A2E0794BF850E168A4
:10066000A06C002907D0002800D19FE0FFF79AFA7C
:100670000023A06CE360616E002907D0002800D140
:10068000BCE0FFF741F9A06C002363660023A3667A
:10069000002800D190E0220001694C32914200D143
:1006A0009AE0E36D002B03D019698A4200D1AEE0D5
:1006B0000023E36423656365A365E3652366FFF7B1
:1006C00039FA0023A364236B002B07D05868FDF789
:1006D00013FD206BFDF710FD0023236300231F2172
:1006E000E079A363E3636363F9F76AFA0123E279CC
:1006F0009340D022120693626079FEF749FE217979
:100700002068FEF7EFFE677AEFF3108972B64D4B63
:100710001E689846002E00D173E04B48030003E0AA
:1007200001350433B5425FD01A68A242F8D1013EC8
:10073000AE4207D9AB00721B191D41189200C018B8
:1007400002F01EF943461E60002F19D0FF223F4BD6
:100750001A70002E14D101251F21207AF9F730FAE2
:100760002B00207AD02683403606B3621F21013049
:10077000F9F726FA237A01339D404346B5621E6895
:1007800089F310882179002F2CD1314AE379009622
:100790003048FDF751FE03B0C0BCB946B046F0BDCD
:1007A0002D4BF8505BE72D4B186044E7636EE0601B
:1007B000002B00D068E7A366E36D002B04D0220075
:1007C00019694C3291422BD00023E36423656365A1
:1007D000A365E365236676E70361E36D002B00D034
:1007E00062E765E71E4AD1E7002FC9D0FF22174B09
:1007F0001A70C5E70021FFF749FA13E76066A066A3
:10080000DAE7002FBCD0FF22104B1A70A3E70022BA
:100810001A61E26422656265A265E26522664EE7BE
:1008200000221A61E26422656265A265E2652266C1
:1008300049E7C04614340050440400000C00005046
:100840001C04000070CD012074CD0120BC58012093
:100850005C520120645201200C040000043400505A
:100860004C520120F0B54E464546DE465746E0B5AF
:10087000554B814698461B6887B0002B06D107B0C0
:10088000F0BCBB46B246A946A046F0BD0520FAF72B
:100890003FFC01267642F71700234A460400B618AB
:1008A0005F410025300024196D413900001969416C
:1008B000FBF7DEFF4346196800292FD0030A000624
:1008C0001B04000C03439A460023009301330025C8
:1008D00000279B463D4E3468237D002B23D1514693
:1008E0002279206853009B18DB00C318C8331960B5
:1008F0004B4623615B4693401F43434619680135CD
:100900000436A942E7D8002F47D1009B002B05D021
:10091000009902A8FFF7AEFD434619684A462C48E5
:10092000FDF78AFDABE720000021FFF7AFF958463D
:10093000A379019362799040002B37D1254B186041
:10094000A0232549DB055850244B80219C46019B60
:10095000920162449C46490413680B42FCD16346F1
:10096000002B26D0A0221E4BE168D205D0500029D2
:100970000AD0A06CFFF716F900235846E360A2796D
:1009800063799840002A1BD0164B1860009A02A980
:1009900093005C50531C0093A1E7F0233F021B011E
:1009A0001F4080239B0118430760AEE70E4B186081
:1009B000C6E7A0220D4BE168D205D0500029D8D15E
:1009C0000B4B1860E2E7C04670CD012074CD0120CA
:1009D000A452012004340050440400000C000050D4
:1009E0001C04000014240050143400500C040000B7
:1009F00004240050284BF0B51860284B0D001960F6
:100A0000274B04001A70274B87B0C1184B1E994121
:100A1000100006311600F9F7D3F829002000FEF780
:100A200049FD214F3A68002A2EDB80235B020293A6
:100A3000531CD1011B030B431C4920000B400393A3
:100A4000C0231B0304938023B1029B050B43059332
:100A5000290002ABFEF7B8FE012332000093290003
:100A60002000FEF759FE290020000022FEF768FD55
:100A70000F4B2A009C466444614261410D4833009B
:100A8000FDF7DAFC07B0F0BD20000B49FEF73AFD98
:100A900002003860C9E7C0460CCF012010CF01200A
:100AA000D3E701200000E0AFD8580120FFFFFF9FEF
:100AB0000000D0AFD8520120C05301200C4B10B51C
:100AC0001A68002A11D001210A4B1C681368A14042
:100AD0008B430100A1400B431360074B18700028A3
:100AE00004D106490648FDF7A7FC10BD0549F9E702
:100AF0000CCF012010CF0120D4E7012000530120AA
:100B00000C530120F8520120F0B54F464646D64618
:100B1000C0B5284B804699461B680D0084B0002B59
:100B200037D0802942D080235B00994237D180267C
:100B3000002776000520FAF7EBFA430E3200C401D5
:100B40009A4640463B000021FCF768FE02000B007D
:100B500020005146FBF78CFE42466A43FF23029277
:100B60004246060A01000340040000921248320087
:100B70000195FDF761FC4B46104A1B681168E4B211
:100B80004A005218D200360424029B183443C8335A
:100B90001C6004B0E0BCBA46B146A846F0BD0848A7
:100BA000FDF74AFC802600278025C3E78026002722
:100BB000C0E7C0460CCF01203C53012010CF0120DC
:100BC00014530120F0B5C64600B5264E0400336824
:100BD00086B0002B42D0244D1F212878F8F7F0FF73
:100BE00001222B7890469A40D0231B069A621F4B15
:100BF00031689C4661444B1E994120000631F8F74C
:100C0000DFFF1B4B36681F681A4B30001A688023C1
:100C10005B020293531CD1011B030B4316490B408B
:100C20000393C0231B0304938023A1029B050B4362
:100C30000593390002ABFEF7C7FD43462200390099
:100C400030000093FEF768FD390030000022FEF707
:100C500077FC210009482C70FDF7EEFB06B080BC44
:100C6000B846F0BD0CCF0120D3E701200000E0AF73
:100C700010CF0120D8580120FFFFFF9F745301209F
:100C80000168F0B5002937D0244A0F249446802506
:100C9000002232278B781C40E30063445A5104350C
:100CA0005A511F4A058D168C0683C75D002F11D13E
:100CB00075191584002C0CD0CA78A0243321240681
:100CC0009206415C22433243002912D01A6000226E
:100CD0005A60F0BD6D0075191584002CF9D0CA78E2
:100CE000E024332124069206415C2243324300294A
:100CF000ECD119605A60ECE780223224074B9950FE
:100D0000043299500649028D0B8C0383005D002844
:100D100000D052009B180B84DBE7C0460000105047
:100D2000ACB10120024A937F1377024A13607047E7
:100D3000ACB1012000001150F0B5C64600B51F004F
:100D400006AB1B780C0098461600002134220500E3
:100D5000FDF7EAF92A234246E1B2E9540933EE5499
:100D6000013B6F83EA5401220E33564049002B8524
:100D70008919143BE95480BCB846F0BD70B52A24EB
:100D8000035D002B17D03322825CDB00002A0ED0DB
:100D90000D4A9446634480221C68120122431A6063
:100DA0003023C1540369002B00D0984770BD074A17
:100DB00094466344EFE73323C25C53425341044DEE
:100DC0000133AB66035DE0E78000105084001050F3
:100DD000002011502A233322F0B5875CC35C050044
:100DE00083B0DB00002F30D0334A94466344196847
:100DF000324A114230D03223EE5C002E3BD12B22FE
:100E00000121AB5C4B40AB542C230124EB5C2C49FF
:100E10009C402C4B2C485C660C66436E1C4208D1EF
:100E20002A4B02E0013B002B2ED00C66426E14428E
:100E3000F8D0244B1C665C662A23EB5CDB00002F99
:100E40001ED01D4A9446634408E0214A94466344F8
:100E500019681A4A1142CED13222AE5C00221A60C1
:100E6000731E9E412D230136EE54EA850433013270
:100E7000EA5403B0F0BD053BEB5C012BC4D1BEE7E7
:100E8000134A94466344E9E71248FDF7D5FA2A234A
:100E9000E95C0933EB5C002B0CD00F4A0A48036E67
:100EA000406E00900D48FDF7C7FA3323EF5C013B1D
:100EB000EE5CBEE70A4AF1E780001050000400042F
:100EC0000020115000301150000011509F86010089
:100ED00084001050FC530120CC530120D453012036
:100EE000D0530120438B10B543843323C35C002BC4
:100EF0000CD02E23C35C028B002B27D01649038D08
:100F00008C4663449B18C361002313E02F23C25C0B
:100F1000018B002A13D1104B9C466144C1612A23E6
:100F2000C35C5200DB009B180C4A944663441B8848
:100F30009B059B0D038401222423C25410BD064C43
:100F4000038DA44663445B18C361E8E7024B9C46EB
:100F500062440023C261EDE700001050840010508D
:100F600030230022C254013330B5C45C002C47D179
:100F70008023DB0019433323C55C002D02D080237E
:100F80001B0219432B23C35C002B02D08022920149
:100F90001143012253402B2283542E23C45C002C86
:100FA0000AD0028DD309FF2A06D9002201325B083C
:100FB000012BFBD1D20211432A23C35CDB00002D9D
:100FC0001AD0124A9446634462009B1889B2198071
:100FD00000222423C2542D32835C013B8354826857
:100FE0009368013B93603223C35C002B03D0012341
:100FF0005C402E23C45430BD054A94466344E3E765
:10100000A02464012143C254B5E7C04680001050BB
:1010100084001050F0B5D6464F464646836804001B
:10102000C0B5002B2BD0204A9246204A9146204A38
:1010300090460BE001221A741B6820001B68984739
:10104000A35DAB421BD0A368002B18D09A68002A7E
:1010500015D02D26A55D002D11D03022A25C002ACE
:101060000DD13327E25D002AE4D11B7C002B0BD18C
:101070002000618BFFF774FFA368002BE6D1E0BC72
:10108000BA46B146A846F0BD5046FDF7D5F92A2329
:10109000E15CE35D4246002B00D1064A2D23484621
:1010A000E35CFDF7C9F9E3E7FC5301200854012094
:1010B000CC530120D0530120302370B5C35C040011
:1010C0008568002B18D00123EB74002383606B68C4
:1010D000002B0DD01948FDF7AFF92A23E15C093345
:1010E000E35C002B28D1164A6B681648FDF7A4F97B
:1010F0000023EB60AB6070BDEB68002BFBD12B7C59
:10110000002BF8D10122EA7483606B68002B03D0B6
:10111000290020009847EEE7E1680029EBD0E36062
:101120000B68A1605B688A74002B01D0200098478F
:101130002000FFF76FFFDEE7034AD5E7FC530120ED
:10114000D053012048540120CC53012070B5002811
:101150000FD0264B8000C4582D21635C01336354AB
:10116000A568002D24D02B7C002B06D001236B74A6
:1011700070BD00291AD01E4CEEE72F23E254043331
:10118000E35C002B02D0AB68002B05D001232B744D
:101190002B6820001B689847EB7C002BE8D1EB689C
:1011A0002000013BEB60FFF787FFE1E7114CD3E73D
:1011B0001148FDF741F92A23E15C0933E35C002B78
:1011C0000CD10E4A0E48FDF737F93022A35C002BF4
:1011D00006D102212000FFF7D1FDC9E7094AF1E756
:1011E000012BC5D10133A354C2E7C046D0B10120C1
:1011F00068E4022034E40220FC530120D053012093
:1012000084540120CC530120002370B5856804006C
:101210002B74FFF751FFEB7C002B18D13333E35CC9
:10122000002B19D124220023A3546A7C002A0FD05A
:101230002D226B74A35C013BA3542F23E25C2E3B55
:101240005A403233E15C093BE05CFFF77FFF70BD41
:101250002000FFF7DFFEFAE72000218CFFF780FE79
:1012600024220023A3546A7C002AF1D0E0E7C04680
:10127000002370B5856804002B74FFF71DFFEB7C1D
:10128000002B18D13333E35C002B19D12422002327
:10129000A3546A7C002A0FD02D226B74A35C013BFF
:1012A000A3542F23E25C2E3B5A403233E15C093BCE
:1012B000E05CFFF74BFF70BD2000FFF7ABFEFAE7E5
:1012C0002000218CFFF74CFE24220023A3546A7CCB
:1012D000002AF1D0E0E7C04641607047002310B516
:1012E000C360013381608B740B6804005B68002B62
:1012F00000D098472000FFF78DFE10BD70B50400A8
:101300000D00160000210C220830FCF70DFF2560AF
:1013100066602B7BE360A36070BDC046836870B5D8
:1013200004000D00002B04D01B689B68002B00D02C
:10133000984700262000A660FFF74CFD002D01D045
:101340002B23E65424230022E2540C33E15C0029D1
:1013500005D0E2542369002B01D0200098470F4BA1
:101360005B7F002B05D06568002D02D0A668002E9B
:1013700000D070BD002228002968FFF7BFFF0123BD
:10138000A560E660AB742B685B68002B01D0200081
:1013900098472000FFF73EFEEBE7C046ACB10120C6
:1013A000F8B50C4C060025000B4F3C35787760688B
:1013B000002802D00121FFF7B1FF0434AC42F6D17E
:1013C000BB68002B04D0721E96413800F1B29847DA
:1013D000F8BDC046D0B10120ACB1012070B50C4DB4
:1013E0002800FFF7F7FC0B4C2000FFF7F3FC30233D
:1013F000EB5C002B03D101212800FFF7BFFC302359
:10140000E35C002B03D101212000FFF7B7FC70BD86
:1014100068E4022034E40220F0B5DE464546574633
:101420004E468346E0B583B01F000CAB1B780C0022
:1014300015000021102208309846FCF775FE5B4627
:1014400000261C605D601F72002F22D00F239A4679
:101450000C3B99462378E4186378052BFAD1504663
:101460006379A17822791B021343CA0901404046DF
:1014700000902868FFF760FC49462A681460E3780A
:101480000B40012B0DD04023013613850435B742A4
:10149000E0D1584603B0F0BCBB46B246A946A046D0
:1014A000F0BD617923790902194380238029EBD9A2
:1014B0005B009942FCD89BB2E6E7C046F0B5DE4639
:1014C00057464E464546E0B51E00364B83B05A613E
:1014D00017000C9A18601961DA601E769B46324B31
:1014E00000249A4601224023002150460094FFF731
:1014F00023FC2E4B002299460021484600944023AD
:10150000FFF71AFC2A4C402200212000FCF70CFEB9
:10151000002E1FD0B3009C460F26BC443B68187AAF
:10152000002814D000225D6806E09B780132334029
:101530009B00195182420AD29300E9580B68002B94
:10154000F3D1002301329B0019518242F4D30437B6
:101550006745E3D180235B0098465B464246002105
:1015600050461A84FFF78CFB5B46424600214846F2
:101570001A84FFF785FBC0235A4626005B001384BC
:101580003C366068002802D00021FFF779FB043464
:10159000A642F6D1584603B0F0BCBB46B246A946B7
:1015A000A046F0BDACB1012068E4022034E4022082
:1015B000D0B1012083685B188360C3689C46614496
:1015C000C160704780222A4B520470B51A60294BC3
:1015D00029491A6010008B689843FBD1802280242F
:1015E000520100212548FCF79FFD254E6400002193
:1015F00024483484FFF744FB002123483484FFF758
:101600003FFB224CC02325005B0033843C356068DF
:10161000002802D00021FFF733FB0434AC42F6D19E
:1016200009231B4C1B4963670333A3670B3B2364EC
:101630000520F8F73BFC0020FFF7B2FE0023012253
:10164000802133772360144B524289059A651A65CD
:10165000E1649021114860501A65114B21321A60E3
:1016600005208F39F8F7FCFB0E4BE36470BDC046D4
:1016700000E0004000F0004000C0004000001050BA
:10168000ACB1012068E4022034E40220D0B1012092
:1016900000001150C915012000301150F013030053
:1016A00080E200E000000120242370B5104C060009
:1016B000E35C0D00002B02D12000FFF713FCE3696F
:1016C0000C4A1E6025840C4D0C492800FFF716FEBD
:1016D0000023E3600133AB742B68A5605B68002BCB
:1016E00001D0200098472000FFF794FC70BDC04651
:1016F00068E40220991501206CB10120A856012050
:1017000070B50B4C0B4A20000B49FFF7F7FD002387
:101710000A4DEB600133A3742368AC605B68002B57
:1017200001D0280098472800FFF774FC70BDC04620
:101730006CB1012099150120A856012068E402200F
:1017400070B50B4C01000B4A2000FFF7D7FD0023BA
:10175000094DEB600133A3742368AC605B68002B18
:1017600001D0280098472800FFF754FC70BDC04600
:1017700098B10120B115012034E40220332370B563
:10178000C35C04000D001600002B05D02423C35CAD
:10179000002B15D000232384320028000A49FFF7CC
:1017A000ADFD0023E3600133A560AB742B685B687B
:1017B000002B01D0200098472000FFF72BFC70BDC4
:1017C000FFF790FBE6E7C046A856012010B50022BF
:1017D00002490348FFF7D2FF10BDC04698B101206F
:1017E00034E4022010B5002202490348FFF7C6FF87
:1017F00010BDC0466CB1012068E40220F0B598230A
:101800004E464546DE465746BF4AE0B5D658802389
:1018100032005B021A40904685B01E4200D09CE028
:101820001023334269D180235B011E424FD18023B4
:101830009B021E4242D1F82332009B001A401E42F6
:1018400026D043468F2113439846B04AAE4B090633
:101850001B6D1165AE490A6801320A60DA0103D5D1
:10186000AC490A6801320A609A0103D5AA490A689C
:1018700001320A605A0103D5A8490A6801320A6098
:101880001A0103D5A6490A6801320A60002B10DB51
:10189000B04507D0A348FCF7CFFD4146A2487140B0
:1018A000FCF7CAFD05B0F0BCBB46B246A946A0464F
:1018B000F0BD9E4A136801331360E9E742461A43BC
:1018C000914B90469B6C039301F08EFCB3E742462C
:1018D00000201A439046FFF763FD0023944A1377D4
:1018E000894A13600122894B52429A651A65802207
:1018F00012031A6500F0DAFC99E742461A43824B5C
:1019000090469F6D9946002F00D18CE77F4B0025B4
:101910009B46012301249A4603E001356400202DF3
:1019200018D02742F9D04B46DA6D5B4622400121A0
:101930009C65531E9A415346294059406808C9B2D4
:10194000A743FFF703FC64000135002F00D16AE7CD
:10195000202DE6D16D4B9F6565E7764D002128006F
:10196000FFF7DCFC744C00212000FFF7D7FC2B2391
:1019700001227249E254EA540A780C3B1340012BCD
:101980005DD0022B3CD0002B11D0664C2000FCF720
:1019900053FD6B48FCF7F4FC6848FFF71FFD8022FD
:1019A0005A4B92021A6580235B02984638E7604CD6
:1019B0006368002B03D0200098470028EFD16021F6
:1019C0005E4A13781942E7D15BB2002B00DAE4E0FB
:1019D0005378052B00D128E1092B08D190780028F5
:1019E00000D177E123695B79834200D172E14D48F0
:1019F000FCF722FD514B53485978FCF71DFDCBE70E
:101A00008A88002A52D0802A4FD0494B5B7F002B16
:101A10000AD04D48031D40301C68216889788A42ED
:101A200044D004339842F7D13E4C2000FCF704FD2B
:101A3000424B46489A885988FCF7FEFCA6E73C4B87
:101A40005A7F002A00D189E00A79187E824200D3A9
:101A500084E05B699200D758002F00D17EE0FB68DC
:101A6000002B03D038009847002898D16022334CCF
:101A700023781A4209D1A288120A06D15BB2002B40
:101A800000DAE5E063780B2B73D0264C2000FCF7DE
:101A9000D3FC2A4C39682378627889782C48FCF783
:101AA000CBFC2000FFF79AFC79E72C006369002B40
:101AB00005D0200021499847002800D06FE7602119
:101AC0001E4A1378194200D083E05BB2002B00DA83
:101AD00091E05378012B00D1CEE0032B03D1538842
:101AE000002B00D138E10F48FCF7A6FC2A23E15C6B
:101AF0000933E35C002B00D0A6E0164A0F4B1648D2
:101B00005B78FCF799FC47E700001150003011505A
:101B100048E7012040E701203CE701204CE7012095
:101B200050E70120FC5301209456012044E7012096
:101B3000ACB1012068E4022034E40220000010501F
:101B400064560120D4540120D0B101203456012024
:101B500028550120D0530120C4550120BE4C20003F
:101B6000FCF76AFCBD4BBE489A885978FCF764FCC8
:101B70000CE73B69002B05D03800618898470028A6
:101B800000D024E1B44C2000FCF756FCB34BB54820
:101B90005A889988FCF750FC78E72423EB5C002BEB
:101BA00002D12800FFF79EF9AC4BEA6998465B78B2
:101BB000062B00D19AE0082B00D193E0002B6CD0CB
:101BC000A548FCF739FCA54BA7485978FCF734FC2D
:101BD000E2E6A148FCF730FC2A23E15C0933E35C30
:101BE000002B2FD1A14A9D48437800780090A0484F
:101BF000FCF722FCD0E65378002B06D15388002B4B
:101C000003D1D388022B00D1C7E09348FCF714FC22
:101C10002A23E15C0933E35C002B17D1934A8F4BF5
:101C200094485B78FCF708FCB6E60223D35651884B
:101C3000002B00DCDBE6A17728008F4A8F49FFF7F5
:101C40009DFDACE68E4ACEE78D4A57E78C4AE6E723
:101C50006378002B00D17AE00A2B00D015E7638867
:101C6000002B00D011E7E1887B4C012900D00DE763
:101C7000387DFFF719FD92E65388002B00D032E73C
:101C80003022A25C022A00D891E02B22A354002229
:101C900028007A49FFF772FD81E6138002226F4B1C
:101CA000DB88934200DD1300744C2B842000754ABE
:101CB0007549FFF723FB0023EB600133A37423680E
:101CC000AC605B68002B01D0280098472800FFF724
:101CD000A1F964E6FFF764FB002228006749FFF7DB
:101CE0004DFD5CE6637F13700122D8E743465888B8
:101CF000030A022B43D0032B37D0012B00D05FE720
:101D00002168002958D0614F12223800FCF712FADE
:101D100043461224DB88594A90465A4A0192A3420C
:101D200000DD2300009380233A00404658495B00C1
:101D300000F0ECF943465D62AB6000234246EB6085
:101D40000133937413685B68002BBDD1BEE7022199
:101D50000020FFF7A9FC22E63033E25C002A30D1F4
:101D600002212000FFF70AF891E7C0B2002836D11F
:101D7000484B464F04243B604346DB88CBE7C0B268
:101D8000002800D01CE72169CC788B7824021C4302
:101D90005BD143463D4FDB88BDE701202E33E35C3A
:101DA0005E39984280414042FFF77EFCF7E5012111
:101DB0002000FFF7B3FA6AE743461224DB88334F6B
:101DC000A9E7012A00D062E70132E2545FE76388A5
:101DD0000022280029493B75FFF7D0FCDFE5E368C6
:101DE00098470278431C002A28D00224274F013349
:101DF0003A535A1E12780234002AF8D103233C7059
:101E00007B70164BDB88A34200DC84E7A20600D07F
:101E100081E71A4B3A0098461A4B404601938023BB
:101E20001B495B00009400F071F9434642469B68F1
:101E300001339360D3680133D3607BE7164B134FB4
:101E400002243B804346DB8865E7104F22003800C0
:101E5000FCF770F9D5E7C046FC5301200000105094
:101E60006855012000550120AC540120D0530120B9
:101E7000F455012098550120F10A01206CB1012090
:101E8000CC53012099150120A8560120A4C9012096
:101E9000DC580120040309040203000010B50022ED
:101EA00002490348FFF76AFC10BDC0466CB101202F
:101EB00068E40220030024229A5C30B51C30002A1A
:101EC00013D15A8B5A8433229A5C002A0ED02E22C8
:101ED0009A5C198B002A1ED1164A9446002261444E
:101EE000D9611A8401212422995430BD2F22995C92
:101EF0001C8B002917D10F4A94466444DC612A22C6
:101F00009A5C4900D20052180B498C4662441288F0
:101F10009205920DE5E7074C1A8DA44662445218CB
:101F2000DA610022DDE7034D1A8DAC4662441219D6
:101F3000DA61E4E70000105084001050030024220E
:101F40009A5C30B51C30002A13D15A8B5A84332244
:101F50009A5C002A0ED02E229A5C198B002A1ED180
:101F6000164A944600226144D9611A840121242230
:101F7000995430BD2F22995C1C8B002917D10F4A30
:101F800094466444DC612A229A5C4900D2005218CB
:101F90000B498C46624412889205920DE5E7074C86
:101FA0001A8DA44662445218DA610022DDE7034D1F
:101FB0001A8DAC4662441219DA61E4E70000105051
:101FC00084001050332370B5466A0400F35C30007F
:101FD000002B15D0FFF76EFF636905001800E2695A
:101FE0004030511EA2691940904219D84023402226
:101FF000AB80236A28689C466144FCF79BF802E0AA
:10200000FFF79CFF05006269AB88944663446361F7
:10201000A36A20001B6898473000FFF729F970BDBC
:10202000D21A93B2E4E7C046F0B5C646332200B5F3
:102030008468825CE6696369771E0500904682B019
:102040001F40002A1AD0002F06D02000FFF7BAFF49
:1020500002B080BCB846F0BDA2699919914226D859
:102060002A27EB5D022B27D8002EEED0A36A210091
:1020700030005B6898470028E7D0E9E7FFF75EFF8C
:102080006369A26940330500E669934222D23B00AE
:1020900042464033B342524153421E40002F28D0A3
:1020A000236AAA882968D819FCF744F8DCE72A27AC
:1020B000D61AEB5D022BD7D91148FCF7BDF9A369FD
:1020C000E95D0193E369320000930E480023FCF7B9
:1020D000B3F9C9E71100731E194088461A42DDD0D2
:1020E0000748FCF7A9F941460748FCF7A5F9464619
:1020F000D4E70021E269206AFCF716F8D0E7C04671
:10210000FC530120B8560120F056012010B5C361E0
:10211000002304004361029B8162836102620549DE
:10212000039AFFF7EBF8029920003F318909FFF786
:1021300041FA10BD045701207047C0460020704787
:1021400070B5102084B0F7F753FD08285DD0324BEE
:10215000324DDB6F324C2B60324B01221B6C012164
:102160000F202360F7F74EFD02210F20F7F772FDD5
:1021700008222D4B03211B680F205A401F231340B8
:102180002A4A1360F7F754FD02220421284BDA672C
:102190007E329950274B743A5A671B6D1B079B0F71
:1021A000012B2FD1F8F71CFB0600F8F73BFCFA22B5
:1021B0000023920012184B41002B29DB01210291D0
:1021C000002101911C4930000091F8F70DFB002817
:1021D00001DB04B070BDFA2000218000F8F72CFC70
:1021E0008021144A4902136D0B42FCD00923536726
:1021F0000422124B1A602A68074BDA672268094BDF
:102200001A64E6E7F9F704F9CCE7F9F701F99EE774
:1022100001220B4B5242D1E70040014090CC0120FB
:1022200020CF012000C001407C4001407C50014093
:102230000020115000001150352001208030115035
:10224000FFFFFF7F074B10B51B6D1B079B0F03D1D3
:10225000FA200021800010BDFFF772FF002000214E
:10226000F9E7C0460000115080210A4A4902136D67
:102270000B42FCD0092353670422074B00201A604D
:10228000064B00211A68064BDA67064B1A68064BA4
:102290001A647047000011508030115090CC01201A
:1022A0000040014020CF012000C0014010B584B0A3
:1022B000F7F708FD012801D004B010BDF8F790FA37
:1022C0000400F8F7AFFBFA220023920012184B41EA
:1022D000002B13DB0121029100210191094920000B
:1022E0000091F8F781FA0028E6DA032206490B6D1F
:1022F0009B081A42FBD0FFF723FFDDE70122034BC7
:102300005242E7E71120012000001150FFFFFF7F3C
:102310007047C046030010B50A0003490868190059
:1023200000F004F810BDC046E458012070B50B0C55
:102330000024150C002B28D1002D37D18BB291B27F
:10234000594300F05BF8051E19D00300083B5A689A
:1023500003239A43043A242A13D80300132A0AD9E0
:102360000460446008331B2A05D98460C460242AB1
:1023700025D00300103300221A605A609A602800AA
:1023800070BD0021FBF7D0FEF9E7002D11D1151C1F
:1023900089B292B24A43ADB29BB26B43110C5B1847
:1023A000190C06D1190492B21143CAE72B1C0D1C5B
:1023B000EEE700F009F80C2300250360DFE70300D7
:1023C000046118334461D6E7014B18687047C04672
:1023D000E458012010B5034B0100186800F00EF816
:1023E00010BDC046E458012010B5034B0100186829
:1023F00000F0F0FB10BDC046E4580120F0B54E4699
:102400004546DE465746E0B50D000B35060083B065
:10241000162D22D8102900D9B2E000F007FB1025B4
:1024200018230220CC4FFB181A005C68083A94422B
:1024300000D1B5E0032362689A431300E268A16803
:10244000CA6091600122E318596830000A435A605B
:1024500000F0F4FA2000083095E007239D4300D5F2
:102460008EE0A94200D98BE000F0E0FAFC235B008B
:102470009D4200D2A7E1680A00D18BE0042800D970
:102480007AE138239846A80980443930C100B24F18
:1024900079184C680839A1420ED003239C4604E009
:1024A000002ACBDAE468A14206D06246636893430F
:1024B0005A1B0F2AF4DD40463A003C690832944228
:1024C00000D178E003236168994389460B00491BDA
:1024D0000F2900DD7BE17A613A610029B2DA8022BE
:1024E0009200914500D30FE15909DA0801238B408E
:1024F000D2007968D2190B4391687B60E260A160D9
:102500009460CC60012182109140994259D80B42CD
:1025100005D103229043490004300B42FBD0032332
:102520009846C3009946B944CC4682466346DC6867
:10253000A44507D12CE1002A00DB35E1E468A4457D
:1025400000D125E14246636893435A1B0F2AF2DD0E
:1025500001208046611905436560A068E568083779
:10256000C560A86040461043F960B9604860CF601C
:1025700030008F60E25000F061FA2000083002E085
:102580000C230020336003B0F0BCBB46B246A94622
:10259000A046F0BD80213F2340209846890076E781
:1025A000DC680230A34200D044E73A003C690832BC
:1025B000944200D086E701217B68821091409942C5
:1025C000A5D90323BC6862689A439146954203D813
:1025D000531B0F2B00DD89E023004B445F4A01931E
:1025E0005F4B93461B681268EB18013200D13DE146
:1025F0005C4A944663441B0B1B0300933000009914
:1026000000F024FA03008046013300D1FAE0019B78
:10261000834200D9F4E0544B00981A009A4612689D
:1026200003009446514663440B6001991A004145EA
:1026300000D151E15B461B68013300D156E14346AE
:1026400001995B1A9A1853461A600723424641467D
:102650001A400192194200D112E108239846881AC3
:10266000424B0099804441449B1A5B1A1B051B0D89
:102670000091300019009B4600F0E8F9431C00D19E
:1026800050E14346C01A03005B4400935346524650
:102690001B6801215B44136042464046BA60009AC1
:1026A0000A434260BC4200D124E14A460F2A00D8C6
:1026B00022E107200C3A8243606801400520114363
:1026C0006160A118486088600F2A00D935E1424650
:1026D0004446526826490868984200D20B60254952
:1026E0000868984200D38FE00B608DE0012229003A
:1026F00013431143651961603000BD606B6000F0E9
:102700009DF9200008303EE75A0A042A72D9142A9B
:1027100000D9C5E011005C325B31D20008235B4276
:102720009C46BA18944463469A6803239846944595
:1027300000D19EE0434651689943494502D99268C9
:102740009445F7D1D3689C467B686146A260E160FE
:102750008C60D460D6E6C046105D0120186101206F
:1027600068B101200F10000038B1012008100000EE
:1027700060B1012064B10120142852D9542800D935
:1027800096E06E239846280B80446F30C1007EE6A9
:1027900008239B46073BDC449B46DA4443465246AB
:1027A000134200D0C2E64CE00122E3185968300021
:1027B0000A435A60E368A268D3609A6000F03EF969
:1027C00020000830DFE62B00E80808332AE6012362
:1027D00060191D43656078613861C26082601A00CB
:1027E0004B460A4342603000E15000F027F92000D8
:1027F0000830C8E69A09110039323831D2008DE725
:10280000BC4260D0BC68626803239A43531B954264
:1028100002D80F2B00DD69E7300000F00FF900202F
:10282000B1E65B23984680445C30C1002FE6082364
:102830005B429C46E1444B469B6801384B4500D0C7
:1028400098E043460342F2D17B688B437B604900AA
:10285000994200D9B5E6002904D1B2E60422944693
:102860004900E2440B42F9D050465AE61033009337
:10287000C4E68910023B8B4079680B437B6064E7B8
:10288000009B300043445B421B051B0D19009B4617
:1028900000F0DCF8431C00D0F3E600239B46F5E68D
:1028A000542A2BD81A0B11006F326E31D20035E743
:1028B000AA235B0098422BD8DD3B9846E80B804466
:1028C0007830C100E3E52C4B009A9A461B689C4681
:1028D000534662441A60ADE6090500D0AAE602003C
:1028E000BC684A4401310A436260F3E65B464246F3
:1028F0001A60AAE64446EDE641608DE7AA21490048
:102900008A4224D8DA0B110078327731D20005E7F9
:102910001A4B984224D87C239846A80C80447D30DA
:10292000C100B4E5009A019B94464246083B6344CB
:102930009B1A009300239B46A8E621003000083133
:1029400000F048F95346BC681B686268C2E60B4950
:102950008A420BD89A0C11007D327C31D200DDE620
:10296000FE217E237F209846890090E5FE227E216D
:102970009200D3E67B686AE738B101205405000075
:10298000F0B588420AD98B18984207D2531E002A04
:1029900003D0CA5CC254013BFBD2F0BD0F2A0BD856
:1029A0000500561E002AF8D00023CC5C1A00EC5417
:1029B00001339642F9D1F0E703270D003E000543AD
:1029C0000C0003002E402F422BD11500103D2D0985
:1029D000AC462F013F1825681D6065685D60A568DD
:1029E0009D60E5681034DD601D001033BD42F2D1FA
:1029F00065460F230C2401352D0149191340451953
:102A0000144211D08C59AC5104369C1B032CF9D8BC
:102A1000043B9B0801339B00ED18C91803231A409F
:102A2000BFE70500561EBFE71A00BAE710B5024817
:102A300000F0B2F910BDC04634B1012010B5024813
:102A400000F0ACF910BDC04634B10120002370B5D0
:102A5000064D040008002B60F8F79EFC431C00D0D4
:102A600070BD2B68002BFBD02360F9E768CC0120F8
:102A700010B583070AD00300032102E001330B42A3
:102A800005D01A78002AF9D1181A10BD0300196868
:102A90000C4A0D4C8A188A4322420FD15968094AC0
:102AA00004338A188A43224208D15968054A0433FC
:102AB0008A188A432242F1D000E001331A78002AB2
:102AC000FBD1E1E7FFFEFEFE80808080F0B50C00C8
:102AD000044303000700A40712D1032A10D9144CA1
:102AE000A44667460D68134C1E002C19AC433C42AB
:102AF0001BD10433043A1F0004313560032AF0D897
:102B00000024BE1806E00D5D013A3D55B31A0134AC
:102B1000002D02D0002AF6D1F0BD0021002AFBD002
:102B2000197001339E42FBD1F6E71F00E8E7C0466B
:102B300080808080FFFEFEFEF8B50C000500FFF7E8
:102B400075FF204FBB685E6803239E431E4B341BFA
:102B50009C466444240B013C113324039C4207DB54
:102B600000212800FFF772FFBB689B19984204D030
:102B70002800FFF763FF0020F8BD28006142FFF73F
:102B800065FF431C0DD00122BB68361B16435E60F7
:102B90000E4B28001A68141B1C60FFF74FFF012022
:102BA000EAE700212800FFF751FFBA68831A0F2BCC
:102BB000DEDD07490968401A0449086001210B431A
:102BC0005360D5E7105D0120EF0F000038B1012000
:102BD00018610120F0B5C64605000C0000B50029BB
:102BE0004FD0FFF723FF210008394C68012622004F
:102BF0000320B2438F187B688343624898468368FA
:102C0000BB426AD043467B6026421ED108239C46C5
:102C10000C688444091B12198C6864454FD0CB683A
:102C2000E3609C604346FC186468344211D1BB6881
:102C3000554C4244A34200D17EE0FC68DC60A360B6
:102C4000012313434B608A5006E0FC186468344249
:102C5000EDD016434E603A6080239B009A4213D217
:102C60005409D3080122A2404468DB002243426099
:102C700018188368C8608B608160D9602800FFF7EE
:102C8000DDFE80BCB846F0BD530A042B3ED8940943
:102C9000260039343836E40004192368083C032739
:102CA0009C4242D05868B843904202D99B689C42EB
:102CB000F8D1DC68CC608B60A160D960DEE7434668
:102CC000F8184068304257D1FB68B8684244164350
:102CD000C36098604E608A50D0E713004344264298
:102CE00006D10A68891A8C689B18CA68E2609460E9
:102CF00001221A434A60254A816012689A42BDD86F
:102D0000234B28001968FFF717FFB7E7142B07D9E3
:102D1000542B1AD8140B26006F346E36E400BBE730
:102D20001E005C335B36DC00B6E70122B610B24011
:102D3000466832434260BDE7D9609960CB608B60E2
:102D4000012313434B608A5098E7AA246400A342EE
:102D500005D8D40B260078347736E4009CE70D4C78
:102D6000A34205D8940C26007D347C36E40093E71A
:102D7000FE247E26A4008FE7330013434B603A60A5
:102D80007CE7C046105D0120185D01201C61012018
:102D900068B10120540500007047C0467047C04626
:042DA000F8B5C0467C
:102DA400F0B5DE4657464E464546E0B50B6883B05F
:102DB40004008A460068190017689146984600F096
:102DC40041F8A1680600606800F03CF83900361844
:102DD400206800F037F8E1680500606800F032F818
:102DE4002D1831002069A660E56000F02BF86269B7
:102DF40003009446634419002069019300F022F80B
:102E0400301A29006061206900F01CF8A269934619
:102E140083445946206900F015F84246019B281A5C
:102E2400A061901B52469C464B4658441060781B48
:102E34006044186003B0F0BCBB46B246A946A04645
:102E4400F0BDC04603000A141B04090410B51B0C92
:102E54000414080C534360436243C0181201001366
:102E6400801810BDF0B5DE4657464E464546E0B5DF
:102E74008BB00093159B04008B4602900192002BAB
:102E840000D176E15A469B211068C905FAF7FBFC8C
:102E9400FAF77EFD80235B051A1A002380469146CB
:102EA4001E0025686468009AB300D058149A010083
:102EB400D758FFF7C7FF390082463800FFF7C2FF33
:102EC400290007004046FFF7BDFF5146050048466C
:102ED400FFF7B8FF21002D184046FFF7B3FF390074
:102EE40004004846FFF7AEFF159A33000136241854
:102EF400B242D8D10693029B28001D605C60FAF7A9
:102F040025FDC6218905FAF7BEFC051C2000FAF749
:102F14001DFDC6218905FAF7B6FC041C011C281CFA
:102F2400B246FAF7FDFC002800D12BE1A749281C82
:102F3400FAF792FCFAF712FFA549FAF7A4FC5B46EC
:102F4400011C041CD869FAF7EBFC0025002844D1C5
:102F54005B46DF681B69FC2199465B465B69890512
:102F6400181C9846FAF78FFC011C051C381CFAF74C
:102F740073FC061C011C201CFAF7D2FC002800D0AC
:102F840021E1291C381CFAF764FC011C201CFAF707
:102F9400BFFC002800D0F7E0FE2049468005FAF780
:102FA4005EFC011CFE208005FAF753FC211C051C65
:102FB400381CFAF74EFC011C281CFAF764FC5B462B
:102FC4009969FAF749FC5B461C6A051C011C201C24
:102FD400FAF790FC002800D0251C029B291C986855
:102FE400FAF79EFC5B46002800D0C9E09C68504676
:102FF400FAF7A7FC011C201CFAF7BAFE029F041C76
:10300400B968FAF740FC061CFE20211C8005FAF77B
:1030140020FC291CFAF737FC011C301CFAF71CFCB5
:103024006C49B860FAF71BFC011C6948FAF7A0FE6A
:103034009B21FC68C9053C610594FAF724FCFAF766
:10304400A7FC019B0390F8601B7CD0460493624B61
:10305400FB58019300239B46031B0793DB175E4633
:10306400089362E0029A019994468B0063445A697A
:10307400B5009346594A9858824600988146A94417
:1030840048460068586114988446654428689850F6
:103094004A1CF02394469B009C459B411A40019294
:1030A40080235B059C4231DD5846FAF74FFCC6216C
:1030B4008905FAF7E8FB47005046FAF747FCC621B2
:1030C4008905FAF7E0FB400043087F08191C381C07
:1030D4000993FAF70FFC002800D0099F0021381C3F
:1030E400FAF71EFC002811D0391C3D48FAF7B7FB4B
:1030F4009B21C905FAF7C7FBFAF74AFC844205DDB0
:10310400802304005B05984200DA1C002100584625
:10311400FFF798FE210007005046FFF793FE4B4649
:1031240001361F60286046451FD24346039C012B8D
:103134000BD03200002307980899FAF76DFB00239F
:10314400069AF9F77BFB059B1C18049B002B89D17D
:10315400009BB5009946A9444B461B689B46149BAB
:103164009C4665442B689A469AE71B4B029A019940
:10317400D1500BB0F0BCBB46B246A946A046F0BD48
:103184005C6834E7251CD1E6211C301CFAF761FB8E
:10319400041CFE2049468005FAF761FB011CFE2051
:1031A4008005FAF756FB211CFAF76DFB211CFAF790
:1031B4006AFB4146041C4046FAF74EFB011C201CE6
:1031C400FAF74DFBFBE60020F9E6C0466042A20D8B
:1031D400000020410000A041141E0000140F000054
:1031E400363C353F174B10B51B78002B21D1164BBD
:1031F4001B78012B1ED0154B0C221B6819009C69EF
:103204005B791431A020C00584469B01634498680F
:1032140009680F4B09191B780E4C091ADBB2200000
:10322400F6F710FC2000F6F787FC002801D00A4BC3
:10323400186010BD094B0D221B681900DC69183198
:103244005B79DFE7D6E7012018CF0120B0BE02206A
:10325400E3E7012094AE02206CCC01202CDE022096
:1032640010B50400FEF724FE032383800A4B1B6879
:10327400002B01D1094B1B680268137001681A0AFC
:103284004A7002681B0C93700121A068FEF790F944
:103294002000FDF7EBFF10BD6CCC012014CF012002
:1032A400F8B50400FEF748FE284A1368013313609A
:1032B400274B9A6A274B1968002903D026490978B5
:1032C400002928D01A608288244B9A4233D8922746
:1032D400234D3F01EE5DF3B29C46032301361E40AD
:1032E400204BEB5C9E422CD06346DB006344DB0046
:1032F4006344DB0001685A5302335819FAF718FF84
:10330400BFF35F8FEE550121A068FEF751F920004D
:10331400FDF7ACFFF8BD14491D685118491B134D46
:10332400A942CFD8124D2968013129601A608288D8
:103334000A4B9A42CBD90A490E4A8B5801338B5017
:10334400E1E70C4AAB580133AB50DCE738E7012026
:1033540000400540C8B20120DFE70120460200001A
:1033640048310120210900002FF8FFFF7EBB000037
:103374001CE70120240900000000000000000000F8
:103384000000000000000000000000000000000039
:103394000000000000000000000000000000000029
:1033A4000000000000000000000000000000000019
:1033B4000000000000000000000000000000000009
:1033C40000000000000000000000000000000000F9
:1033D40000000000000000000000000000000000E9
:1033E40000000000000000000000000000000000D9
:1033F40000000000000000000000000000000000C9
:1034040000000000000000000000000000000000B8
:1034140000000000000000000000000000000000A8
:103424000000000000000000000000000000000098
:103434000000000000000000000000000000000088
:103444000000000000000000000000000000000078
:103454000000000000000000000000000000000068
:103464000000000000000000000000000000000058
:103474000000000000000000000000000000000048
:103484000000000000000000000000000000000038
:103494000000000000000000000000000000000028
:1034A4000000000000000000000000000000000018
:1034B4000000000000000000000000000000000008
:1034C40000000000000000000000000000000000F8
:1034D40000000000000000000000000000000000E8
:1034E40000000000000000000000000000000000D8
:1034F40000000000000000000000000000000000C8
:1035040000000000000000000000000000000000B7
:1035140000000000000000000000000000000000A7
:103524000000000000000000000000000000000097
:103534000000000000000000000000000000000087
:103544000000000000000000000000000000000077
:103554000000000000000000000000000000000067
:103564000000000000000000000000000000000057
:103574000000000000000000000000000000000047
:103584000000000000000000000000000000000037
:103594000000000000000000000000000000000027
:1035A4000000000000000000000000000000000017
:1035B4000000000000000000000000000000000007
:1035C40000000000000000000000000000000000F7
:1035D40000000000000000000000000000000000E7
:1035E40000000000000000000000000000000000D7
:1035F40000000000000000000000000000000000C7
:1036040000000000000000000000000000000000B6
:1036140000000000000000000000000000000000A6
:103624000000000000000000000000000000000096
:103634000000000000000000000000000000000086
:103644000000000000000000000000000000000076
:103654000000000000000000000000000000000066
:103664000000000000000000000000000000000056
:103674000000000000000000000000000000000046
:103684000000000000000000000000000000000036
:103694000000000000000000000000000000000026
:1036A4000000000000000000000000000000000016
:1036B4000000000000000000000000000000000006
:1036C40000000000000000000000000000000000F6
:1036D40000000000000000000000000000000000E6
:1036E40000000000000000000000000000000000D6
:1036F40000000000000000000000000000000000C6
:1037040000000000000000000000000000000000B5
:1037140000000000000000000000000000000000A5
:103724000000000000000000000000000000000095
:103734000000000000000000000000000000000085
:103744000000000000000000000000000000000075
:103754000000000000000000000000000000000065
:103764000000000000000000000000000000000055
:103774000000000000000000000000000000000045
:103784000000000000000000000000000000000035
:103794000000000000000000000000000000000025
:1037A4000000000000000000000000000000000015
:1037B4000000000000000000000000000000000005
:1037C40000000000000000000000000000000000F5
:1037D40000000000000000000000000000000000E5
:1037E40000000000000000000000000000000000D5
:1037F40000000000000000000000000000000000C5
:1038040000000000000000000000000000000000B4
:1038140000000000000000000000000000000000A4
:103824000000000000000000000000000000000094
:103834000000000000000000000000000000000084
:103844000000000000000000000000000000000074
:103854000000000000000000000000000000000064
:103864000000000000000000000000000000000054
:103874000000000000000000000000000000000044
:103884000000000000000000000000000000000034
:103894000000000000000000000000000000000024
:1038A4000000000000000000000000000000000014
:1038B4000000000000000000000000000000000004
:1038C40000000000000000000000000000000000F4
:1038D40000000000000000000000000000000000E4
:1038E40000000000000000000000000000000000D4
:1038F40000000000000000000000000000000000C4
:1039040000000000000000000000000000000000B3
:1039140000000000000000000000000000000000A3
:103924000000000000000000000000000000000093
:103934000000000000000000000000000000000083
:103944000000000000000000000000000000000073
:103954000000000000000000000000000000000063
:103964000000000000000000000000000000000053
:103974000000000000000000000000000000000043
:103984000000000000000000000000000000000033
:103994000000000000000000000000000000000023
:1039A4000000000000000000000000000000000013
:1039B4000000000000000000000000000000000003
:1039C40000000000000000000000000000000000F3
:1039D40000000000000000000000000000000000E3
:1039E40000000000000000000000000000000000D3
:1039F40000000000000000000000000000000000C3
:103A040000000000000000000000000000000000B2
:103A140000000000000000000000000000000000A2
:103A24000000000000000000000000000000000092
:103A34000000000000000000000000000000000082
:103A44000000000000000000000000000000000072
:103A54000000000000000000000000000000000062
:103A64000000000000000000000000000000000052
:103A74000000000000000000000000000000000042
:103A84000000000000000000000000000000000032
:103A94000000000000000000000000000000000022
:103AA4000000000000000000000000000000000012
:103AB4000000000000000000000000000000000002
:103AC40000000000000000000000000000000000F2
:103AD40000000000000000000000000000000000E2
:103AE40000000000000000000000000000000000D2
:103AF40000000000000000000000000000000000C2
:103B040000000000000000000000000000000000B1
:103B140000000000000000000000000000000000A1
:103B24000000000000000000000000000000000091
:103B34000000000000000000000000000000000081
:103B44000000000000000000000000000000000071
:103B54000000000000000000000000000000000061
:103B64000000000000000000000000000000000051
:103B74000000000000000000000000000000000041
:103B84000000000000000000000000000000000031
:103B94000000000000000000000000000000000021
:103BA4000000000000000000000000000000000011
:103BB4000000000000000000000000000000000001
:103BC40000000000000000000000000000000000F1
:103BD40000000000000000000000000000000000E1
:103BE40000000000000000000000000000000000D1
:103BF40000000000000000000000000000000000C1
:103C040000000000000000000000000000000000B0
:103C140000000000000000000000000000000000A0
:103C24000000000000000000000000000000000090
:103C34000000000000000000000000000000000080
:103C44000000000000000000000000000000000070
:103C54000000000000000000000000000000000060
:103C64000000000000000000000000000000000050
:103C74000000000000000000000000000000000040
:103C84000000000000000000000000000000000030
:103C94000000000000000000000000000000000020
:103CA400F0B544464D4656465F46F0B4374CE35CA7
:103CB400002B64D00EB4017F00295AD14169894692
:103CC40081698A4600998B46019988465D46296830
:103CD4000E148FB20268131492B21C46744324016A
:103CE4007B4372439B181B13E2184B46D11842685E
:103CF400131492B21C46744324017B4372439B18F1
:103D04001B13E5188268131492B21C4674432401F1
:103D14007B4372439B181B13E418A4460E148FB202
:103D2400C268131492B21C46744324017B43724349
:103D34009B181B13E218AD1A5346ED18A9460269E5
:103D4400131492B21C46744324017B4372439B18A0
:103D54001B13E21863469B1A9A465C46216004349E
:103D6400A3464346013B9846B0D14946416151467A
:103D7400816120300299013902919CD103B0F0BCD9
:103D8400BB46B246A946A046F0BD00001457012028
:103D9400D02330B500251B0600245D5706E00368D8
:103DA400BFF35F8F1C6081F3108820BF0268EFF3BC
:103DB400108172B61368002BFCD0BFF35F8F0379B8
:103DC4007F2BECD905710368BFF35F8F00221A6063
:103DD40081F3108830BDC046F0B54F46D6464646FE
:103DE400C0B51F00D0231B061B6804009A4600239D
:103DF400904699460CE02268BFF35F8F49461160F4
:103E040083F3108840463900F6F764FD00281AD180
:103E14002668EFF3108372B63568002DFCD0BFF32B
:103E24005F8F25797F2DE6D9524622712268BFF330
:103E34005F8F0021116083F310880120E0BCBA4633
:103E4400B146A846F0BD0020F8E7C04670B50100B1
:103E54000468EFF3108C72B620680028FCD0BFF31E
:103E64005F8F04240C57002C12DB0868BFF35F8FAC
:103E7400002505608CF31088D020002500064557E6
:103E84000020A54200D170BD0800FFF7A5FFFAE7A6
:103E9400D0231B061B680B710B68BFF35F8F0022D6
:103EA4001A608CF310880120EDE7C0460268EFF336
:103EB400108172B61368002BFCD0BFF35F8FFF2311
:103EC40003710368BFF35F8F00221A6081F31088C7
:103ED40040BF7047D023FF221B0630B501210224C6
:103EE4001148124D1A6502E09A6D824203D01A6D90
:103EF4001142F9D130BDEFF3108C72B61A6D144231
:103F0400FCD0586540BF00E020BF1A6D1142FBD0C1
:103F14009A6DAA42F9D18CF310881A6D1442FCD020
:103F24005D6540BFE3E7C0461E83A873E17C578C00
:103F3400084810B50378002B0AD180230649074AA4
:103F44005B051C68CC5004339342FAD101230370FF
:103F540010BDC046B6E70120CCB20110000100102C
:103F640010B5024B0133984710BDC046CCB20120B6
:103F7400431E984180239B009C46054B00021B680E
:103F840060445840C0239B001840024B186070479F
:103F94000C8001400C900140F0B58023D6464F467A
:103FA4004646421804000D00C0B59B039A4227D828
:103FB400142718263888338813499847338882464B
:103FC4001249388898473388814611493888984778
:103FD400338810498046388898470600FFF7A8FFC1
:103FE400D047C84780222900D82320005202C04766
:103FF400B047FFF7B5FFE0BCBA46B146A846F0BDEE
:10400400F7F704FAD4E7C0464946000045580000D3
:104014005245000046430000F8B54E464546DE468C
:1040240057468023E0B515008218040089469B0397
:104034009A4226D814271826388833881249984774
:104044003388834611493888984733888246104913
:104054003888984733880F4980463888984706003F
:10406400FFF766FFD847D0472A0049462000C047DB
:10407400B047FFF775FFF0BCBB46B246A946A04661
:10408400F8BDF7F7C3F9D5E74946000045580000E5
:1040940052500000464300001423F0B5D6464F4664
:1040A40046469A46814618880433C0B598460E00A1
:1040B4001B8828491400984753460700188843462C
:1040C40025491B88984753460500188843462349C9
:1040D4001B8898478046FFF72BFFB847A847002066
:1040E400FFF746FF002C1BD0C02122000827022026
:1040F40049053D008B6A1D4018420BD0002C09D0A5
:10410400131B0D2B20D84B461B78013C0B66012357
:104114009C46E1442300002D0DD11343002BE8D12C
:104124000120FFF725FFC047FFF71AFFE0BCBA469E
:10413400B146A846F0BD002AF0D00B6E013A3370A8
:10414400130001362343E9E7002DD2D0002AD0D052
:10415400F3E7C046494600004558000046430000C6
:10416400F8B5DE46454657464E4680460021E0B542
:10417400806CFBF723FD43469860002852D0036807
:104184005B689B465A46FF231168994343461A7F4E
:10419400534253418F245B42A343C9330B435946D3
:1041A4000B6083689C46002B29D061460F012B4984
:1041B4005B468A46A020072104378946012604333A
:1041C4005F44000614E05446D108615C4C46144038
:1041D400214131401D686C0F34408C4204D09968F1
:1041E400454041401D609960103301329F4203D025
:1041F400272AE8D90021EDE763469B009C46434605
:1042040062469A61A022D20590465A465B799B0188
:1042140043441A606246DA61F0BCBB46B246A94622
:10422400A046F8BD40460E4B30301B78002B0CD016
:104234000C4A13680133136043465B7F032B04D895
:1042440009499B005A5801325A50084B1B78002BDD
:1042540095D1074A13680133136090E79C580120F5
:10426400E5E7012018E601201CE60120DFE7012034
:104274001CCF0120F0B54646D6464F46234BC0B569
:1042840098461B68002B35D0214BA0279946002364
:1042940000259A461F4EFF053468A3796279002BE6
:1042A4002DD0012393401C49785803421CD07B50E5
:1042B400A2696369944663446361237F3033DBB24C
:1042C400BF2B00D95346A1682377002909D04B4658
:1042D4004A461B68A06C01331360FBF761FC53462C
:1042E400A3602000FFF73CFF43461B6801350436FA
:1042F400AB42D1D8E0BCBA46B146A846F0BD0123D2
:104304009340064978580342D1D1EDE704E70120F0
:1043140040D7012008E701201C0400000C04000021
:1043240010B500210400806CFBF748FCE060002815
:104334000DD0A021C9058C46836801685A006379B1
:1043440049689B016344E2611960DA6110BD200091
:10435400044B30301B78002BEBD1034A1368013334
:104364001360E6E7DFE701201CCF0120F0B54646E5
:10437400D6464F46204BC0B598461B68002B2ED01E
:104384001E4BA0279946002300259A461C4EFF0584
:104394003468A3796279002B26D00123934019490C
:1043A4007858034215D07B50E269A3699446E168CA
:1043B4006344A361002909D04B464A461B68A06C9C
:1043C40001331360FBF7ECFB5346E3602000FFF777
:1043D400A7FF43461B6801350436AB42D8D8E0BC7E
:1043E400BA46B146A846F0BD012393400649785821
:1043F4000342D8D1EDE7C04670CD012040D701205B
:1044040074CD01201C0400000C04000006070A00FF
:1044140000002F440000904000002F440000C040E2
:104424000080224400001841881800203215002022
:10443400CA150020341700204A18002086140020D2
:1044440044656661756C74004D6967726174656476
:104454000000000006070A00CDCCCC3D000000405F
:10446400CDCCCC3ECDCC4C3D0000803FCDCC4C3EA1
:104474000AD7A33C0000003FCDCCCC3D64656D6FF2
:1044840074656420746F000070726F6D6F7465647E
:1044940020746F00536C6F742025642025732049A9
:1044A4003253206D61737465720A00004D434B20D2
:1044B40032353678206E6F7420737570706F727435
:1044C400656420617420256C7520487A3B20666FF2
:1044D4007263696E6720313238780A0054797065E6
:1044E4002073776974636820636F6D706C6574659D
:1044F4003A206D61736B3D3078253032780A0000C4
:104504007072657365745F7365745F6E616D652049
:104514006661696C65643A20736C6F743D2575201F
:104524006572723D25750A007072657365745F73F8
:1045340065745F73746172747570206661696C650B
:10454400643A206D6F64653D257520736C6F743D0E
:104554002575206572723D25750A00005553422069
:1045640073747265616D20726573746172743A203C
:104574006F75747075747320726573796E63656496
:1045840000000000666C6173685F736176655F703C
:104594006172616D73206661696C65643A2065724D
:1045A400723D25640A0000007072657365745F7360
:1045B400617665206661696C65643A20736C6F741A
:1045C4003D2575206572723D25750A000160000065
:1045D4009C43012001FF0000E26D00201E660020C4
:1045E4003A6D00201E660020066C00201E66002026
:1045F400C86B00201E6600201E6600201E66002078
:104604001E6600201E6600201E6600201E66002016
:104614001E6600201E6600201E6600201E66002006
:10462400866B00201E660020646B00201E6600203E
:10463400046B00201E660020CA6A00201E6600204B
:10464400006D00201E660020786C00201E6600208D
:104654005A6C00201E6600201E6C00201E6600207E
:104664008E6A00201E660020706A00201E660020EC
:104674001E6600201E6600201E6600201E660020A6
:104684001E6600201E6600201E6600201E66002096
:104694002C6A00201E660020CC6900201E660020C3
:1046A400966900201E660020706900201E660020A6
:1046B4009C6800201E6600201E6600201E660020E6
:1046C4001E6600201E6600201E6600201E66002056
:1046D4001E6600201E6600201E6600201E66002046
:1046E4001E6600201E6600201E6600201E66002036
:1046F4001E6600201E6600201E6600201E66002026
:104704001E6600201E6600201E6600201E66002015
:104714001E6600201E6600201E6600201E66002005
:10472400606800201E6600203E6800201E6600208F
:10473400226800201E6600201E660020EA67002012
:104744001E6600201E6600201E6600201E660020D5
:104754001E6600201E6600201E6600201E660020C5
:104764001E6600201E6600201E6600201E660020B5
:104774001E6600201E6600201E6600201E660020A5
:104784001E6600201E6600201E6600201E66002095
:104794001E6600201E6600201E6600201E66002085
:1047A400D26700201E660020986700201E66002045
:1047B4007A6700201E660020406700201E660020E5
:1047C400006600201E660020046700201E6600208C
:1047D4001E6600201E6600201E6600201E66002045
:1047E4001E6600201E6600201E6600201E66002035
:1047F4001E6600201E6600201E6600201E66002025
:104804001E6600201E6600201E6600201E66002014
:10481400A66600201E6600205A6600201E66002040
:104824003666002052656A6563746564204D434BA7
:104834002025757820617420256C7520487A2028FD
:10484400756E737570706F72746564290A00000068
:10485400A6750020C271002094750020C27100204A
:104864009C750020C2710020CE740020C27100200B
:10487400C2710020C2710020C2710020C2710020E8
:10488400C2710020687500208275002086750020A2
:1048940066740020C27100207C740020C271002064
:1048A4008E740020C2710020A0740020C271002008
:1048B400AA740020C2710020B2740020C2710020CA
:1048C400BA740020C2710020C4740020C271002098
:1048D400AC790020C271002076720020C2710020E1
:1048E4009C720020C2710020C2710020C27100209D
:1048F400C2710020C2710020C2710020C271002068
:10490400C2710020C2710020A6720020C271002072
:10491400F4720020C271002010730020C2710020C4
:1049240026730020C27100204273002058730020B7
:104934006273002080730020FC7300200E7400203A
:104944003A740020C2710020C2710020C27100209C
:1049540040740020C2710020C2710020C271002086
:10496400C2710020C2710020C2710020C2710020F7
:10497400C2710020C2710020C2710020C2710020E7
:10498400C2710020547400201C7200205272002056
:10499400507B0020C27100208E7A0020C27100205A
:1049A400FC7A0020C27100203A780020F27B0020BB
:1049B400C2710020967B0020C2710020C2710020C9
:1049C400C2710020B27B0020C2710020C27100209D
:1049D400C2710020C2710020C2710020C271002087
:1049E400C2710020C2710020C2710020C271002077
:1049F400C2710020C2710020C2710020C271002067
:104A0400C271002060760020627A0020E4790020E0
:104A14002A7A0020C2710020BE790020C2710020D1
:104A2400C8790020C2710020D0790020C271002012
:104A3400DC790020C271002010760020C2710020B1
:104A44001A760020227600206A790020CC78002093
:104A54003A7900204479002060790020A87700206A
:104A6400B4790020EE7700201C780020C271002069
:104A7400C2710020C2710020C2710020C2710020E6
:104A8400C2710020C27100207E790020C271002012
:104A940092790020C27100209A79002002760020C9
:104AA40006760020C2710020C2710020C27100206D
:104AB400C2710020C2710020C2710020C2710020A6
:104AC400C2710020C2710020C2710020C271002096
:104AD400C2710020C2710020C2710020C271002086
:104AE400C2710020C2710020C2710020C271002076
:104AF400C2710020C2710020C2710020C271002066
:104B0400C2710020FE7B0020C27D0020B67D002003
:104B1400A47D00209E7D0020987D0020927D0020B1
:104B24008C7D0020867D0020807D0020CE7D0020AD
:104B34007A7D0020747D00206E7D0020667D00203B
:104B4400527D00204C7D0020F87C00206E7C0020EB
:104B5400667C00205E7C0020567C00204E7C002079
:104B64003C7C0020555342204C0000005553422009
:104B74005200000053504449462031204C000000AC
:104B840053504449462031205200000053504449B8
:104B9400462032204C000000535044494620322025
:104BA4005200000050444D002CE6012098E60120FC
:104BB400F964002000000000000000000100000073
:104BC400D565002000000000000000000100000086
:104BD400313001200000000000000000010000004E
:104BE40071300120000000000000000001000000FE
:104BF40058B2012080B2012054E7012000002500B2
:104C040029002E0034003A004100490052005C00A3
:104C14006800740082009200A400B800CF00E8008D
:104C240004012401480170019D01CF0107024702DC
:104C34008E02DE0237039C030C048B041905B805AD
:104C44006A063307140810092B0A680BCD0C5D0E95
:104C54001D1015124914C3168A19A81C27201324E1
:104C64007A286B2DF5322D392740FB47C3509E5AC5
:104C7400AD65157200800000344901203C490120D3
:104C840044490120504901205C4901206849012020
:104C94007449012000CC012034CC012047697448B8
:104CA40075622E636F6D2F576565624C6162730088
:104CB40057656562204C616273204453506900005B
:104CC4000902B4000301008032090400000001015C
:104CD40000000924010001280001010C2402010143
:104CE400010002030000000A24060201010300007F
:104CF4000009240303010300020009040100000168
:104D0400020000090401010201020000072401015C
:104D14000101000B240201020210010077010905C0
:104D24000105460201008207250101000000090572
:104D340082110300010200090401020201020000C1
:104D4400072401010101000B2402010203180100E0
:104D540077010905010546020100820725010100CA
:104D64000000090582110300010200090402000089
:104D7400FF00000012010002000000408A2EAAFE7B
:104D840000020102030100002800000000010400E9
:104D94000100000000000000020157494E55534233
:104DA40000000000000000000000000000000000FF
:104DB4008E000000000105000100840000000100D5
:104DC4000000280044006500760069006300650067
:104DD40049006E00740065007200660061006300A3
:104DE4006500470055004900440000004E000000E3
:104DF4007B00380038004200410045003000330099
:104E040032002D0035004100380031002D003400FF
:104E14003900460030002D004200430033004400B6
:104E24002D004100340046004600310033003800B4
:104E3400320031003600440036007D0000000000DE
:104E440012034D005300460054003100300030007E
:104E54000100000000000000FFFFFFFFFFFFFF7FD5
:104E6400486172647761726520616C61726D20259E
:104E74006420616C726561647920636C61696D653D
:104E8400640000000A2A2A2A2050414E4943202A5D
:104E94002A2A0A006E6F7420737570706F727465BD
:104EA4006400000048617264206173736572740069
:104EB400666E6900666E692B000000006E616E000C
:104EC400666E692D0000000076BE002012BE002030
:104ED40012BE00206EBE002012BE002012BE0020B2
:104EE40012BE002012BE002012BE002012BE0020FE
:104EF40012BE002066BE002012BE00205EBE00204E
:104F040012BE002012BE002056BE0020B0BF0020FA
:104F140044BE0020A4BF002044BE0020C0BF002027
:104F240044BE002044BE002044BE002044BE0020F5
:104F340044BE002044BE002044BE00203ABE0020EF
:104F440044BE002044BE002044BE002044BE0020D5
:104F540044BE00203ABE0020C0C00020FEBE002097
:104F6400FEBE0020FEBE0020FEBE0020FEBE0020CD
:104F7400FEBE0020FEBE0020FEBE0020FEBE0020BD
:104F8400FEBE0020FEBE0020FEBE0020FEBE0020AD
:104F9400FEBE0020FEBE0020FEBE0020FEBE00209D
:104FA400FEBE0020FEBE0020FEBE0020FEBE00208D
:104FB400FEBE0020FEBE0020FEBE0020FEBE00207D
:104FC400FEBE0020FEBE0020FEBE0020FEBE00206D
:104FD400FEBE0020FEBE0020B6C10020D2BF0020CD
:104FE400B6C10020FEBE0020FEBE0020FEBE002092
:104FF400FEBE0020FEBE0020FEBE0020FEBE00203D
:10500400FEBE0020FEBE0020FEBE0020FEBE00202C
:10501400FEBE0020FEBE0020FEBE0020FEBE00201C
:10502400FEBE002022BF0020FEBE0020FEBE0020E7
:10503400FEBE0020FEBE0020FEBE0020FEBE0020FC
:10504400FEBE0020FEBE0020FEBE002022BF0020C7
:105054001EC1002022BF0020B6C10020D2BF002004
:10506400B6C10020FEBE002022BF0020FEBE0020EC
:10507400FEBE0020FEBE0020FEBE0020FEBE0020BC
:1050840022BF0020E8C00020FEBE0020FEBE00209B
:1050940004C00020FEBE002022BF0020FEBE00206F
:1050A400FEBE002022BF0020000000000000F03FF0
:1050B40000000000000024400000000000005940EF
:1050C4000000000000408F40000000000088C34042
:1050D40000000000006AF8400000000080842E41B7
:1050E40000000000D01263410000000084D7974103
:1050F4000000000065CDCD414F7574206F66206DB2
:10510400656D6F727900000052656C6561736500AE
:10511400626F6F74325F773235713038300000005F
:10512400312E352E310000007069636F00000000DD
:1051340044535069000000004D6179202032203230
:105144003032360006005250BBFF3CB6F84E012008
:1051540006005250E182887FE04E01200600525042
:10516400D3F07542D84E01200D0A000073657474A3
:10517400696E672070696F20667265712025640A04
:105184000000000053797374656D20636C6F636B6A
:105194002061742025752C20532F504449462063E8
:1051A4006C6F636B2064697669646572203078255E
:1051B400782F3235360A0000496E76616C696420B6
:1051C40050494F20696E6465782025640000000012
:1051D400436F6E6E656374696E672050494F205348
:1051E4002F5044494620617564696F00436F70799C
:1051F400696E672073746572656F20746F207374B1
:105204006572656F20617420256420487A0A000065
:10521400544F444F2E2E2E206E6F7420636F6D708A
:105224006C6574696E672073746572656F2061754F
:1052340064696F20636F6E6E656374696F6E20704E
:10524400726F7065726C792100000000436F6E7696
:10525400657274696E67206D6F6E6F20746F207352
:10526400746572656F20617420256420487A0A0091
:105274004850012004FF000021602000217022100A
:10528400444D41206368616E6E656C20256420691D
:105294007320616C726561647920636C61696D650A
:1052A400640000004E6F20444D41206368616E6EBF
:1052B400656C732061726520617661696C61626CF2
:1052C400650000004E6F2070726F6772616D20730D
:1052D400706163650000000050494F203120534D38
:1052E40020282564202D20342920616C7265616496
:1052F4007920636C61696D656400000050494F203A
:105304003020534D20256420616C726561647920DE
:10531400636C61696D65640049325320636C6F632B
:105324006B206469766964657220307825782F3241
:105334003536202825752E25752920666F7220257F
:105344006420487A2028616C6C20256420696E737F
:1053540074616E636573290A0000000049325320AA
:1053640073657475703A20534D2564206173204D24
:105374004153544552202864617461204750494F79
:105384002025642C2042434B204750494F2025645C
:10539400290A00004932532073657475703A20530A
:1053A4004D256420617320534C4156452028646187
:1053B4007461204750494F202564290A00000000E9
:1053C4004932532073657475703A206661696C655F
:1053D4006420746F20616C6C6F6361746520736901
:1053E4006C656E6365206275666665720000000018
:1053F400436F6E6E656374696E672050494F204930
:10540400325320617564696F2028534D25642C2024
:1054140064617461204750494F2025642C20424325
:105424004B204750494F202564290A004932532014
:10543400636F6E6E656374206661696C65643A209F
:10544400636F6E73756D657220706F6F6C20616C25
:105454006C6F636174696F6E206661696C6564006A
:105464004932532073746572656F2032342D62693A
:105474007420617420256420487A0A0028776173B7
:10548400206D6173746572290000000028736C61DB
:10549400766529004932532074656172646F776EB2
:1054A4003A20534D25642025732C206461746120B7
:1054B4004750494F2025642028696E7374616E63D8
:1054C40065732072656D61696E696E673A20256443
:1054D400290A0000493253207261746520636861AF
:1054E4006E67653A20616C6C20256420696E737464
:1054F400616E636573207570646174656420746F94
:1055040020256420487A0A004D434B207365747546
:10551400703A2050494F256420534D25642C204770
:1055240050494F2025640A00656E61626C65640011
:1055340064697361626C6564000000004D434B2034
:1055440025730A004D434B20696E76616C696420B3
:105554006D756C7469706C6965722025752C206694
:105564006F7263696E67203132380A004D434B20F5
:105574006469766964657220307825782F3235360F
:10558400202825752E25752920666F722025642014
:10559400487A20C397202575203D20257520487A18
:1055A4000A0000004D434B2070696E206368616EF1
:1055B40067656420746F204750494F2025640A00B2
:1055C4009853012008FF00000160400801703EF874
:1055D4000170441801603EE8B053012008FF000048
:1055E4000160400001603EE00160440001603EE073
:1055F400C853012002FF000042B042A0494E0000FF
:105604004F5554002A2A2A2A204641494C45442011
:10561400544F2041424F52542025642025733A2090
:105624002530387820253038780A00005741524E0A
:10563400494E473A20000000756E746573746564C2
:105644003F206769766520627566666572207769B2
:105654007468206F75747374616E64696E6720700A
:1056640061636B6574202564202573206F776E65F4
:10567400642025640A000000756E746573746564A3
:105684003F207374616C6C206F66207472616E735A
:105694006665722077697468206F6E5F636F6D70E2
:1056A4006C6574652073657420256420257320253A
:1056B400700A0000726563656976656420756E65BD
:1056C40078706563746564207061636B6574206FC2
:1056D4006E2025642025730A00000000556E686161
:1056E4006E646C65642064657669636520494E2048
:1056F40073657475702072657175657374202530D7
:1057040032780A00556E68616E646C656420646565
:1057140076696365204F55542073657475702072E3
:1057240065717565737420253032780A00000000B5
:105734002869676E6F726564292073657420696EC9
:10574400746572666163652025642028616C742029
:105754002564290A00000000556E68616E646C655A
:105764006420696E746572666163652025303278E1
:105774002073657475702072657175657374202566
:1057840030327820626D5265717565737454797026
:105794006520253032780A0053657475702072656F
:1057A4007175657374202530347820666F722075A6
:1057B4006E6B6E6F776E20696E7465726661636579
:1057C40020253034780A0000556E68616E646C657B
:1057D40064206570202530327820257320494E20BE
:1057E40073657475702072657175657374202530E6
:1057F40032780A00556E68616E646C656420657069
:105804002025303278202573204F55542073657439
:105814007570207265717565737420253032780A4D
:1058240000000000556E68616E646C656420656EEE
:1058340064706F696E742025642025732073657409
:105844007570207265717565737420253032782007
:10585400626D526571756573745479706520253075
:1058640032780A005365747570207061636B6574D7
:10587400202530347820666F7220756E6B6E6F77DA
:105884006E20656E64706F696E7420253034780AFA
:1058940000000000556E68616E646C656420736579
:1058A400747570207061636B6574202D207374614E
:1058B4006C6C696E6720636F6E74726F6C207069B4
:1058C40070650000556E68616E646C6564204952B1
:1058D4005120307825780A00D50F012000000000FF
:1058E40000000000010000006368756E6B6F2025E6
:1058F40064206C656E2025303578206F666673658C
:105904007420253038782073697A652025303478FE
:10591400207472616E7366657220253038780A00CF
:105924003E3E205472756E63617465642025303880
:10593400780A0000F51D01200000000000000000AE
:10594400000000000A0A0A0A0A0A0A0AFFFFFFFF07
:1059540015CD5B07051F0120091F012000770100F9
:1059640005000200007701000000000000000000B4
:105974000000803F0000803F0000803F0080000066
:105984000080000000800000010000000001000011
:1059940000002F44000090400000803F0000803F42
:1059A40000000010000000100E0080000D01000037
:1059B40000000000000048420000000000007041A8
:1059C400010000000000C0C20000C8420000A6425E
:1059D4000000A0C1CDCCCC3DCD0C000006070A646C
:1059E40064000000007701000000803F2C57012074
:1059F400080000000600000001000000070101008B
:105A040001100000303132333435363738394142F1
:105A140043444546000000006C4A0120804A0120AE
:105A2400D4570120D45701201000000000000000CA
:105A3400000001000000000000000000000002005F
:105A4400000000000000000000000300000000004F
:105A5400000000000000FF000000000001B54868DD
:105A640001318E460047704609380149884701BD17
:105A74008DA000205C5801200000000000B001202F
:105A840060C90120000000000000000070C901206E
:105A940000000000000000001000000000000000F2
:105AA400503300004C3300005433000052330000E4
:105AB4004D5300004D4300005334000043340000B4
:105AC400FFFFFFFFFFFFFFFFFFFFFFFF04000000DA
:105AD4000B000000C9F6002021F6002049F7002041
:105AE4005DF600200000000000000000FF00000040
:105AF400FFFFFFFFFFFFFFFFFFFFFFFFFFFFFFFFB2
:105B0400FFFFFFFFFFFFFFFFFFFFFFFF051F012058
:105B1400091F0120E858012000000000D45B012087
:105B24003C5C0120A45C0120000000000000000097
:105B34000000000000000000000000000000000061
:105B44000000000000000000000000000000000051
:105B54000000000000000000000000000000000041
:105B64000000000000000000000000000000000031
:105B74000000000000000000000000000000000021
:105B84000000000000000000000000000000000011
:105B94000000000000000000000000000000000001
:105BA40000000000000000000000000000000000F1
:105BB40000000000000000000000000000000000E1
:105BC40001000000000000000E33CDAB34126DE67E
:105BD400ECDE05000B0000000000000000000000E7
:105BE40000000000000000000000000000000000B1
:105BF40000000000000000000000000000000000A1
:105C04000000000000000000000000000000000090
:105C14000000000000000000000000000000000080
:105C24000000000000000000000000000000000070
:105C34000000000000000000000000000000000060
:105C44000000000000000000000000000000000050
:105C54000000000000000000000000000000000040
:105C64000000000000000000000000000000000030
:105C74000000000000000000000000000000000020
:105C84000000000000000000000000000000000010
:105C94000000000000000000000000000000000000
:105CA40000000000000000000000000000000000F0
:105CB40000000000000000000000000000000000E0
:105CC40000000000000000000000000000000000D0
:105CD40000000000000000000000000000000000C0
:105CE40000000000000000000000000000000000B0
:105CF40000000000000000000000000000000000A0
:105D0400000000000000000000000000000000008F
:105D1400000000000000000000000000000000007F
:105D2400000000000000000000000000000000006F
:105D3400000000000000000000000000000000005F
:105D4400000000000000000000000000000000004F
:105D5400000000000000000000000000000000003F
:105D6400000000000000000000000000000000002F
:105D7400000000000000000000000000000000001F
:105D8400000000000000000000000000000000000F
:105D940000000000000000000000000000000000FF
:105DA40000000000000000000000000000000000EF
:105DB40000000000000000000000000000000000DF
:105DC40000000000000000000000000000000000CF
:105DD40000000000000000000000000000000000BF
:105DE40000000000000000000000000000000000AF
:105DF400000000000000000000000000000000009F
:105E0400000000000000000000000000000000008E
:105E1400000000000000000000000000000000007E
:105E2400000000000000000000000000000000006E
:105E3400000000000000000000000000000000005E
:105E4400000000000000000000000000000000004E
:105E5400000000000000000000000000000000003E
:105E6400000000000000000000000000000000002E
:105E7400000000000000000000000000000000001E
:105E8400000000000000000000000000000000000E
:105E940000000000000000000000000000000000FE
:105EA40000000000000000000000000000000000EE
:105EB40000000000000000000000000000000000DE
:105EC40000000000000000000000000000000000CE
:105ED40000000000000000000000000000000000BE
:105EE40000000000000000000000000000000000AE
:105EF400000000000000000000000000000000009E
:105F0400000000000000000000000000000000008D
:105F1400000000000000000000000000000000007D
:105F2400000000000000000000000000000000006D
:105F3400000000000000000000000000000000005D
:105F44000000000000000000105D0120105D012031
:105F5400185D0120185D0120205D0120205D0120D5
:105F6400285D0120285D0120305D0120305D012085
:105F7400385D0120385D0120405D0120405D012035
:105F8400485D0120485D0120505D0120505D0120E5
:105F9400585D0120585D0120605D0120605D012095
:105FA400685D0120685D0120705D0120705D012045
:105FB400785D0120785D0120805D0120805D0120F5
:105FC400885D0120885D0120905D0120905D0120A5
:105FD400985D0120985D0120A05D0120A05D012055
:105FE400A85D0120A85D0120B05D0120B05D012005
:105FF400B85D0120B85D0120C05D0120C05D0120B5
:10600400C85D0120C85D0120D05D0120D05D012064
:10601400D85D0120D85D0120E05D0120E05D012014
:10602400E85D0120E85D0120F05D0120F05D0120C4
:10603400F85D0120F85D0120005E0120005E012072
:10604400085E0120085E0120105E0120105E012020
:10605400185E0120185E0120205E0120205E0120D0
:10606400285E0120285E0120305E0120305E012080
:10607400385E0120385E0120405E0120405E012030
:10608400485E0120485E0120505E0120505E0120E0
:10609400585E0120585E0120605E0120605E012090
:1060A400685E0120685E0120705E0120705E012040
:1060B400785E0120785E0120805E0120805E0120F0
:1060C400885E0120885E0120905E0120905E0120A0
:1060D400985E0120985E0120A05E0120A05E012050
:1060E400A85E0120A85E0120B05E0120B05E012000
:1060F400B85E0120B85E0120C05E0120C05E0120B0
:10610400C85E0120C85E0120D05E0120D05E01205F
:10611400D85E0120D85E0120E05E0120E05E01200F
:10612400E85E0120E85E0120F05E0120F05E0120BF
:10613400F85E0120F85E0120005F0120005F01206D
:10614400085F0120085F0120105F0120105F01201B
:10615400185F0120185F0120205F0120205F0120CB
:10616400285F0120285F0120305F0120305F01207B
:10617400385F0120385F0120405F0120405F01202B
:10618400485F0120485F0120505F0120505F0120DB
:10619400585F0120585F0120605F0120605F01208B
:1061A400685F0120685F0120705F0120705F01203B
:1061B400785F0120785F0120805F0120805F0120EB
:1061C400885F0120885F0120905F0120905F01209B
:1061D400985F0120985F0120A05F0120A05F01204B
:1061E400A85F0120A85F0120B05F0120B05F0120FB
:1061F400B85F0120B85F0120C05F0120C05F0120AB
:10620400C85F0120C85F0120D05F0120D05F01205A
:10621400D85F0120D85F0120E05F0120E05F01200A
:10622400E85F0120E85F0120F05F0120F05F0120BA
:10623400F85F0120F85F0120006001200060012068
:106244000860012008600120106001201060012016
:1062540018600120186001202060012020600120C6
:106264002860012028600120306001203060012076
:106274003860012038600120406001204060012026
:1062840048600120486001205060012050600120D6
:106294005860012058600120606001206060012086
:1062A4006860012068600120706001207060012036
:1062B40078600120786001208060012080600120E6
:1062C4008860012088600120906001209060012096
:1062D4009860012098600120A0600120A060012046
:1062E400A8600120A8600120B0600120B0600120F6
:1062F400B8600120B8600120C0600120C0600120A6
:10630400C8600120C8600120D0600120D060012055
:10631400D8600120D8600120E0600120E060012005
:10632400E8600120E8600120F0600120F0600120B5
:10633400F8600120F8600120006101200061012063
:106344000861012008610120FFFFFFFF0000020037
:106354000000000000000000000000000000000039
:10636400E5DE0020F1C4002051CC002071D80020CB
:08637400ED00002089E5002086
:04000005100001E9FD
:00000001FF
